Species,Date,Wing,Weight,Location,Fat
BITH,NA,91,28.5,PUVI,5
OVEN,12/2/1995,70,19.5,PUVI,0
OVEN,12/2/1995,75,19.8,PUVI,5
BITH,12/2/1995,92,29.1,PUVI,5
BITH,12/2/1995,85,24.5,PUVI,0
BITH,12/2/1995,91.5,26.6,PUVI,0
BTBW,12/3/1995,59,9.1,PUVI,5
OVEN,12/3/1995,71,19.3,PUVI,5
OVEN,12/3/1995,74,NA,PUVI,0
OVEN,12/3/1995,73,18.6,PUVI,5
BITH,12/3/1995,89,29.1,PUVI,0
BITH,12/3/1995,93,27.4,PUVI,5
BITH,12/3/1995,86,26,PUVI,1
BTBW,12/4/1995,62,8.5,PUVI,0
OVEN,12/4/1995,76,19.6,PUVI,0
OVEN,12/4/1995,71,19.2,PUVI,1
OVEN,12/4/1995,75,19.7,PUVI,0
OVEN,12/4/1995,70.5,18.1,PUVI,5
OVEN,12/4/1995,76,21.1,PUVI,5
OVEN,12/4/1995,70,18.3,PUVI,0
OVEN,12/4/1995,72.5,18.2,PUVI,5
OVEN,12/4/1995,72,18.6,PUVI,0
BITH,12/4/1995,91.5,28.9,PUVI,5
OVEN,12/5/1995,77,20.3,PUVI,5
OVEN,12/5/1995,72,21.3,PUVI,5
OVEN,12/5/1995,71,19,PUVI,5
OVEN,12/5/1995,75.5,18.5,PUVI,NA
OVEN,12/5/1995,69,18.9,PUVI,5
OVEN,12/5/1995,74,21.4,PUVI,5
BITH,12/5/1995,85,26.5,PUVI,5
BITH,12/5/1995,93,29.3,PUVI,1
BITH,12/5/1995,88.5,25.5,PUVI,5
BITH,12/6/1995,96.5,26.7,PALO,0
BFGR,12/9/1996,52.5,10.5,PUVI,0
GTGT,12/9/1996,60,14,PUVI,5
GTGT,12/9/1996,63.5,14.5,PUVI,5
GTGT,12/9/1996,64,13,PUVI,5
GTGT,12/9/1996,62,13.5,PUVI,5
GTGT,12/9/1996,61,NA,PUVI,0
GTGT,12/9/1996,65,14.4,PUVI,5
GTGT,12/9/1996,62,NA,PUVI,5
GTGT,12/9/1996,62,14.1,PUVI,5
GTGT,12/9/1996,63,12.5,PUVI,NA
GTGT,12/9/1996,64,15.5,PUVI,NA
GTGT,12/9/1996,63,13.9,PUVI,0
GTGT,12/9/1996,66,14.5,PUVI,NA
GTGT,12/9/1996,61,NA,PUVI,5
NBTO,12/9/1996,47.5,6.5,PUVI,5
OVEN,12/9/1996,75.5,20.6,PUVI,0
OVEN,12/9/1996,72,19.4,PUVI,5
OVEN,12/9/1996,76,19.1,PUVI,5
OVEN,12/9/1996,75.5,21.3,PUVI,1
RTSO,12/9/1996,85,29.1,PUVI,5
HHTA,12/9/1996,60.5,12,PUVI,5
BAWW,12/10/1996,67.5,10.3,PUVI,5
BCPT,12/10/1996,90,29.6,PUVI,5
GABU,12/10/1996,65,20.6,PUVI,1
GABU,12/10/1996,72,24.8,PUVI,5
GABU,12/10/1996,68.5,23.7,PUVI,5
GABU,12/10/1996,73.5,24.7,PUVI,5
GAEL,12/10/1996,71,9.5,PUVI,5
GTGT,12/10/1996,65,15,PUVI,5
GTGT,12/10/1996,60,14.5,PUVI,5
GTGT,12/10/1996,65,15.4,PUVI,5
GTGT,12/10/1996,64.5,15.9,PUVI,1
GTGT,12/10/1996,62.5,12.9,PUVI,5
GTGT,12/10/1996,64.5,15,PUVI,5
HIEM,12/10/1996,NA,4.2,PUVI,NA
HITR,12/10/1996,139,74.1,PUVI,0
HITR,12/10/1996,134,76.8,PUVI,0
NBTO,12/10/1996,47,7.5,PUVI,5
OVEN,12/10/1996,73.5,19.4,PUVI,5
OVEN,12/10/1996,73,18.2,PUVI,NA
OVEN,12/10/1996,75.5,20.3,PUVI,NA
OVEN,12/10/1996,74,21.4,PUVI,1
RLTH,12/10/1996,121,69.7,PUVI,0
RTSO,12/10/1996,91,30.8,PUVI,0
HISP,12/10/1996,75.5,25.7,PUVI,5
HISP,12/10/1996,72,NA,PUVI,NA
WCHT,12/10/1996,87.5,46.8,PUVI,5
WCHT,12/10/1996,78.5,44.7,PUVI,5
WCHT,12/10/1996,91.5,53,PUVI,0
WCHT,12/10/1996,97,55.3,PUVI,5
BITH,12/10/1996,93,30.1,PUVI,5
BAWW,12/11/1996,66,11.8,PUVI,1
BCPT,12/11/1996,89.5,28.5,PUVI,5
BCPT,12/11/1996,84.5,29.6,PUVI,0
BFGR,12/11/1996,53,10.1,PUVI,0
BFGR,12/11/1996,49.5,11.1,PUVI,0
BFGR,12/11/1996,54,9.9,PUVI,5
BFGR,12/11/1996,52,11.6,PUVI,0
BTBW,12/11/1996,59.5,9.1,PUVI,5
GTGT,12/11/1996,62.5,14.1,PUVI,5
GTGT,12/11/1996,61,15.4,PUVI,5
HIEM,12/11/1996,52,4,PUVI,5
NBTO,12/11/1996,41,7.5,PUVI,5
OVEN,12/11/1996,78,20.4,PUVI,5
OVEN,12/11/1996,70,17.7,PUVI,0
RLTH,12/11/1996,115,72.1,PUVI,5
RLTH,12/11/1996,131.5,72.3,PUVI,5
HISP,12/11/1996,75.5,25.3,PUVI,5
HISP,12/11/1996,79.5,25.6,PUVI,5
HHTA,12/11/1996,61,12.3,PUVI,5
BITH,12/11/1996,85,25.4,PUVI,5
BITH,12/11/1996,91.5,25.2,PUVI,5
BFGR,12/12/1996,50,9.8,PUVI,5
BFGR,12/12/1996,53.5,11.2,PUVI,5
BTBW,12/12/1996,59.5,8.3,PUVI,5
BTBW,12/12/1996,60.5,9.1,PUVI,5
COYE,12/12/1996,53.5,10.1,PUVI,5
COYE,12/12/1996,56,10.6,PUVI,0
GABU,12/12/1996,69,20.7,PUVI,5
GABU,12/12/1996,73,26.7,PUVI,5
GABU,12/12/1996,74,24,PUVI,5
GABU,12/12/1996,68,21.5,PUVI,5
GTGT,12/12/1996,60,NA,PUVI,5
GTGT,12/12/1996,63.5,13.9,PUVI,5
GTGT,12/12/1996,NA,NA,PUVI,5
GTGT,12/12/1996,64.5,15.2,PUVI,5
GTGT,12/12/1996,NA,NA,PUVI,5
GTGT,12/12/1996,62.5,14.8,PUVI,1
GTGT,12/12/1996,65.5,15.4,PUVI,5
GTGT,12/12/1996,63,15.2,PUVI,5
NBTO,12/12/1996,41.5,6.9,PUVI,5
NBTO,12/12/1996,41,6.9,PUVI,1
OVEN,12/12/1996,73.5,NA,PUVI,1
OVEN,12/12/1996,73,18.9,PUVI,5
OVEN,12/12/1996,73.5,20,PUVI,5
OVEN,12/12/1996,72,19.5,PUVI,5
OVEN,12/12/1996,71,19.1,PUVI,5
OVEN,12/12/1996,75.5,20.1,PUVI,5
OVEN,12/12/1996,74,21.5,PUVI,1
OVEN,12/12/1996,74.5,19.6,PUVI,5
RHQD,12/12/1996,132,NA,PUVI,5
RLTH,12/12/1996,120,72.2,PUVI,5
RTSO,12/12/1996,84.5,27.3,PUVI,5
RTSO,12/12/1996,83.5,26.1,PUVI,5
HHTA,12/12/1996,65.5,13.2,PUVI,5
BITH,12/12/1996,88,25,PUVI,5
BFGR,12/13/1996,52,11.1,PUVI,5
BFGR,12/13/1996,51,10.6,PUVI,5
BFGR,12/13/1996,50,11,PUVI,5
BFGR,12/13/1996,55,12.1,PUVI,5
NBTO,12/13/1996,45.5,6.6,PUVI,1
OVEN,12/13/1996,NA,NA,PUVI,NA
OVEN,12/13/1996,71,18.3,PUVI,5
OVEN,12/13/1996,75.5,19.3,PUVI,5
GTGT,2/28/1997,65.5,NA,PUVI,5
BFGR,3/1/1997,51.5,10.3,PUVI,5
BFGR,3/1/1997,50,9.9,PUVI,5
GTGT,3/1/1997,62,13.9,PUVI,5
GTGT,3/1/1997,63.5,14.6,PUVI,1
RTSO,3/1/1997,80,24,PUVI,5
RTSO,3/1/1997,87,30.1,PUVI,5
SSHA,3/1/1997,182,NA,PUVI,1
AMRE,3/2/1997,60,7.7,PUVI,5
BAWW,3/2/1997,69,10.9,PUVI,1
BCPT,3/2/1997,86,29.6,PUVI,5
BFGR,3/2/1997,54,12.1,PUVI,0
BFGR,3/2/1997,50.5,10.2,PUVI,2
BFGR,3/2/1997,52,NA,PUVI,2
GABU,3/2/1997,68,22.7,PUVI,5
GTGT,3/2/1997,64,13.5,PUVI,1
GTGT,3/2/1997,64,15.7,PUVI,5
GTGT,3/2/1997,60,14.2,PUVI,0
GTGT,3/2/1997,65,14.8,PUVI,5
GTGT,3/2/1997,63.5,14.1,PUVI,5
GTGT,3/2/1997,60.5,13.7,PUVI,5
GTGT,3/2/1997,64,15.9,PUVI,5
GTGT,3/2/1997,63.5,15.2,PUVI,5
HIEM,3/2/1997,52,3.3,PUVI,NA
NBTO,3/2/1997,44.5,5.9,PUVI,0
NBTO,3/2/1997,46,6.7,PUVI,0
OVEN,3/2/1997,74.5,18.5,PUVI,5
OVEN,3/2/1997,70.5,17.1,PUVI,5
OVEN,3/2/1997,71,17.9,PUVI,5
RLTH,3/2/1997,115,69.2,PUVI,0
RTSO,3/2/1997,88,27.4,PUVI,2
RTSO,3/2/1997,86,25.9,PUVI,5
RTSO,3/2/1997,85,24.9,PUVI,5
RTSO,3/2/1997,83.5,23.5,PUVI,5
WCHT,3/2/1997,86.5,41.7,PUVI,0
HHTA,3/2/1997,60,13.8,PUVI,5
HHTA,3/2/1997,60.5,NA,PUVI,1
BITH,3/2/1997,85.5,24.6,PUVI,0
AMRE,3/3/1997,59.5,7.5,PUVI,5
BAWW,3/3/1997,62.5,10.7,PUVI,5
BAWW,3/3/1997,61,9.3,PUVI,5
BAWW,3/3/1997,66.5,NA,PUVI,5
BAWW,3/3/1997,69,10.6,PUVI,5
BAWW,3/3/1997,65.5,9.5,PUVI,5
BCPT,3/3/1997,85,30.7,PUVI,5
BCPT,3/3/1997,83.5,NA,PUVI,0
BFGR,3/3/1997,55,9.9,PUVI,0
BFGR,3/3/1997,52,9.9,PUVI,0
BFGR,3/3/1997,54,11.4,PUVI,1
BTBW,3/3/1997,64.5,17.6,PUVI,0
BTBW,3/3/1997,60,9.1,PUVI,1
BTBW,3/3/1997,57,NA,PUVI,5
GABU,3/3/1997,70,21.6,PUVI,5
GABU,3/3/1997,73,23.2,PUVI,5
GABU,3/3/1997,70.5,25.2,PUVI,5
GABU,3/3/1997,70,22.4,PUVI,5
GTGT,3/3/1997,65,15.8,PUVI,1
GTGT,3/3/1997,60,12.6,PUVI,5
GTGT,3/3/1997,64.5,14.7,PUVI,5
GTGT,3/3/1997,64.5,14.5,PUVI,0
GTGT,3/3/1997,65.5,16.6,PUVI,5
GTGT,3/3/1997,61,15.9,PUVI,5
GTGT,3/3/1997,63,14.2,PUVI,5
GTGT,3/3/1997,62,14.2,PUVI,5
GTGT,3/3/1997,62.5,13.6,PUVI,5
GTGT,3/3/1997,65,13.8,PUVI,5
GTGT,3/3/1997,64.5,13.6,PUVI,5
HIPE,3/3/1997,73,12.1,PUVI,5
LATH,3/3/1997,119.5,93.4,PUVI,5
NBTO,3/3/1997,46,6.6,PUVI,5
RNPI,3/3/1997,NA,NA,PUVI,NA
RNPI,3/3/1997,169,NA,PUVI,NA
RTSO,3/3/1997,80,23.9,PUVI,5
RTSO,3/3/1997,86,25.8,PUVI,5
RTSO,3/3/1997,86.5,25.9,PUVI,1
RTSO,3/3/1997,88.5,26.7,PUVI,1
HISP,3/3/1997,81,27.6,PUVI,1
WCHT,3/3/1997,80.5,43.3,PUVI,5
WCHT,3/3/1997,96.5,53.5,PUVI,5
HHTA,3/3/1997,62.5,12.6,PUVI,5
BITH,3/3/1997,88.5,25.7,PUVI,5
BCPT,3/4/1997,94.5,NA,PUVI,5
BFGR,3/4/1997,54,11,PUVI,5
BFGR,3/4/1997,52.5,11.3,PUVI,1
BFGR,3/4/1997,51.5,11.1,PALO,5
BFGR,3/4/1997,51,10.2,PUVI,5
GABU,3/4/1997,70,19.9,PUVI,5
GABU,3/4/1997,67,20.3,PALO,0
WFQD,3/4/1997,139.5,110.3,PUVI,5
GTGT,3/4/1997,60.5,13.1,PUVI,5
GTGT,3/4/1997,66,15.1,PUVI,0
GTGT,3/4/1997,64,14.2,PUVI,1
GTGT,3/4/1997,61.5,14.9,PUVI,0
GTGT,3/4/1997,63,14.5,PUVI,5
GTGT,3/4/1997,58,13,PUVI,5
GTGT,3/4/1997,64,14.8,PUVI,5
HIWO,3/4/1997,123,85.8,PALO,5
NBTO,3/4/1997,44.5,6.3,PALO,NA
OVEN,3/4/1997,72,17.4,PALO,1
RTSO,3/4/1997,88.5,30,PALO,5
SSHA,3/4/1997,147,83.6,PUVI,0
WCHT,3/4/1997,97.5,54.9,PALO,0
BITH,3/4/1997,89.5,26,PALO,5
BITH,3/4/1997,97,29,PALO,5
AMRE,3/5/1997,60,7.6,PALO,5
BFGR,3/5/1997,53,10,PALO,5
BFGR,3/5/1997,53,11.2,PALO,1
BFGR,3/5/1997,55.5,10.4,PALO,0
BFGR,3/5/1997,53,10.2,PALO,0
BFGR,3/5/1997,52,10.6,PALO,5
BFGR,3/5/1997,53,12.5,PALO,2
BFGR,3/5/1997,50,10.5,PALO,NA
BTBW,3/5/1997,64,8.9,PALO,5
GAEL,3/5/1997,66,13.3,PALO,5
GTGT,3/5/1997,61,13.6,PALO,1
GTGT,3/5/1997,63,14.8,PALO,5
GTGT,3/5/1997,65,16,PALO,5
GTGT,3/5/1997,68.5,13.8,PALO,0
GTGT,3/5/1997,62,13.1,PALO,5
HIEM,3/5/1997,54.5,4.6,PALO,0
HIPE,3/5/1997,69,9.8,PALO,5
NBTO,3/5/1997,43.5,6.1,PALO,5
OVEN,3/5/1997,79,23.5,PALO,5
OVEN,3/5/1997,72.5,18.5,PALO,5
OVEN,3/5/1997,72,18.1,PALO,0
RLTH,3/5/1997,126.5,69.2,PALO,5
RTSO,3/5/1997,80,23.7,PUVI,1
RTSO,3/5/1997,88.5,26.5,PALO,5
RTSO,3/5/1997,89.5,27.8,PALO,1
RTSO,3/5/1997,87.5,28.2,PALO,5
RTSO,3/5/1997,86,NA,PALO,5
HISP,3/5/1997,80,25.7,PALO,5
WCHT,3/5/1997,86.5,NA,PALO,5
WCHT,3/5/1997,93,NA,PALO,5
WCHT,3/5/1997,95.5,53.3,PUVI,0
WCHT,3/5/1997,90,NA,PALO,0
WCHT,3/5/1997,85.5,44.2,PALO,0
WCHT,3/5/1997,87,49.4,PALO,0
WCHT,3/5/1997,86.5,52.7,PUVI,5
BITH,3/5/1997,88,26.9,PALO,0
BITH,3/5/1997,89,25.9,PALO,0
BITH,3/5/1997,92,29.1,PALO,5
BCPT,3/6/1997,86,32.7,PALO,5
BCPT,3/6/1997,91.5,30.8,PALO,5
BFGR,3/6/1997,53.5,11.2,PALO,5
BTBW,3/6/1997,NA,NA,PALO,NA
GABU,3/6/1997,67.5,22.1,PUVI,5
HIEM,3/6/1997,56,4.4,PALO,5
HIEM,3/6/1997,55,3.7,PALO,0
HIWO,3/6/1997,125.5,68.4,PALO,0
NBTO,3/6/1997,41,6.3,PALO,5
NBTO,3/6/1997,45.5,6.6,PALO,5
NBTO,3/6/1997,46,6.8,PUVI,5
NBTO,3/6/1997,46,NA,PALO,0
NBTO,3/6/1997,46.5,7,PALO,5
OVEN,3/6/1997,78,19.5,PALO,5
OVEN,3/6/1997,71.5,17.9,PALO,5
OVEN,3/6/1997,73.5,18.5,PUVI,5
OVEN,3/6/1997,70.5,18.8,PUVI,5
RLTH,3/6/1997,121,74.1,PALO,0
RTSO,3/6/1997,85,25,PUVI,5
RTSO,3/6/1997,86.5,28.3,PALO,0
RTSO,3/6/1997,88.5,26.6,PALO,0
RTSO,3/6/1997,86.5,26.4,PALO,5
RTSO,3/6/1997,87.2,26.4,PALO,5
HISP,3/6/1997,84.5,NA,PALO,5
HISP,3/6/1997,83.2,25.3,PALO,5
SSHA,3/6/1997,149,77.2,PALO,0
WCHT,3/6/1997,88,43.6,PALO,1
WCHT,3/6/1997,78,43.4,PALO,5
WCHT,3/6/1997,95.5,53.2,PALO,5
WCHT,3/6/1997,86,50.5,PALO,0
BITH,3/6/1997,89,NA,PALO,1
BCPT,3/7/1997,91,30,PALO,5
BFGR,3/7/1997,49.5,NA,PALO,0
BFGR,3/7/1997,52,9.8,PALO,5
BFGR,3/7/1997,55,12.3,PALO,2
HIPE,3/7/1997,74.5,11.6,PALO,0
HIPE,3/7/1997,69.5,10.9,PALO,5
NBTO,3/7/1997,44,5.9,PUVI,5
OVEN,3/7/1997,75.5,19.2,PALO,0
OVEN,3/7/1997,72,19.4,PALO,5
OVEN,3/7/1997,73,19,PUVI,5
RTSO,3/7/1997,87.5,24.7,PALO,5
HISP,3/7/1997,76,23.9,PALO,5
SSHA,3/7/1997,175,134.1,PALO,5
WCHT,3/7/1997,89,44.8,PALO,0
HHTA,3/7/1997,61.5,12.3,PALO,5
HHTA,3/7/1997,59.5,12,PALO,0
HHTA,3/7/1997,NA,12.4,PALO,5
HHTA,3/7/1997,62,12.2,PALO,5
HHTA,3/7/1997,64.5,12.2,PALO,5
HHTA,3/7/1997,60.5,NA,PALO,5
HHTA,3/7/1997,66,12.4,PALO,5
HHTA,3/7/1997,61,12.9,PALO,0
HHTA,3/7/1997,61,12.3,PALO,5
HHTA,3/7/1997,58.5,12.2,PALO,0
BITH,3/7/1997,90.5,26,PALO,0
GTGT,3/8/1997,62.5,14.6,PUVI,5
GTGT,3/8/1997,60.5,14,PUVI,5
RTSO,3/8/1997,80,23.6,PUVI,5
RTSO,3/8/1997,84.5,24.8,PUVI,5
WCHT,3/8/1997,81.5,42.5,PUVI,1
BITH,3/8/1997,85.5,25.5,PUVI,5
BITH,3/8/1997,89,25.4,PUVI,5
GABU,11/6/1997,68,22.4,PUVI,1
GTGT,11/6/1997,61,14.7,PUVI,5
GTGT,11/6/1997,67.5,16.2,PUVI,1
GTGT,11/6/1997,66,15.4,PUVI,5
NBTO,11/6/1997,41.5,7.4,PUVI,1
OVEN,11/6/1997,73,20.6,PUVI,1
OVEN,11/6/1997,75,20,PUVI,5
HHTA,11/6/1997,63.5,13,PUVI,1
BITH,11/6/1997,93,26.5,PUVI,5
BANA,11/7/1997,54,8,PUVI,5
BCPT,11/7/1997,89,29.1,PUVI,5
BTBW,11/7/1997,60,8.7,PUVI,5
GABU,11/7/1997,73,21.9,PUVI,0
GTGT,11/7/1997,65,15.1,PUVI,5
GTGT,11/7/1997,62.5,14.3,PUVI,5
GTGT,11/7/1997,62,14.8,PUVI,5
GTGT,11/7/1997,61.5,13.3,PUVI,5
GTGT,11/7/1997,65,15,PUVI,5
GTGT,11/7/1997,66.5,14.3,PUVI,5
GTGT,11/7/1997,65.5,15,PUVI,NA
HIEM,11/7/1997,NA,NA,PUVI,NA
HIEM,11/7/1997,54,3.8,PUVI,5
HIEM,11/7/1997,55,3.7,PUVI,NA
HIEM,11/7/1997,57,NA,PUVI,0
NBTO,11/7/1997,47,6.9,PUVI,0
NBTO,11/7/1997,48,7,PUVI,5
NBTO,11/7/1997,47.5,NA,PUVI,0
OVEN,11/7/1997,74,17.1,PUVI,5
OVEN,11/7/1997,76,20.1,PUVI,5
OVEN,11/7/1997,77,19.9,PUVI,5
OVEN,11/7/1997,75,18.2,PUVI,0
OVEN,11/7/1997,78,21.9,PUVI,0
OVEN,11/7/1997,74,21.3,PUVI,1
OVEN,11/7/1997,74,20.8,PUVI,0
OVEN,11/7/1997,74,20.3,PUVI,NA
RLTH,11/7/1997,125,NA,PUVI,5
RLTH,11/7/1997,134,82.6,PUVI,5
RTSO,11/7/1997,88.5,26.8,PUVI,5
RTSO,11/7/1997,85,28.7,PUVI,5
WCHT,11/7/1997,95,50,PUVI,5
HHTA,11/7/1997,63.5,13.7,PUVI,5
HHTA,11/7/1997,62,12.5,PUVI,5
HHTA,11/7/1997,62,13.1,PUVI,5
BITH,11/7/1997,97.5,31.4,PUVI,5
BITH,11/7/1997,85,25,PUVI,5
BITH,11/7/1997,89,27.9,PUVI,5
BITH,11/7/1997,93,25.6,PUVI,9
BITH,11/7/1997,91,27.7,PUVI,9
GABU,11/8/1997,69.5,21.7,PUVI,1
GTGT,11/8/1997,63,13.4,PUVI,5
GTGT,11/8/1997,63,NA,PUVI,5
GTGT,11/8/1997,64,13.7,PUVI,0
GTGT,11/8/1997,61.5,14.9,PUVI,5
GTGT,11/8/1997,64.5,13.9,PUVI,5
GTGT,11/8/1997,59,13.4,PUVI,5
GTGT,11/8/1997,61,14.9,PUVI,5
GTGT,11/8/1997,63,15,PUVI,5
GTGT,11/8/1997,65,13.6,PUVI,5
NBTO,11/8/1997,46.5,6.6,PUVI,5
NBTO,11/8/1997,46,7.5,PUVI,5
NBTO,11/8/1997,47,7.4,PUVI,0
OVEN,11/8/1997,73,17,PUVI,5
OVEN,11/8/1997,73,17,PUVI,5
OVEN,11/8/1997,75,17.1,PUVI,0
OVEN,11/8/1997,73,19.9,PUVI,5
OVEN,11/8/1997,70,18.8,PUVI,5
OVEN,11/8/1997,75,19,PUVI,5
OVEN,11/8/1997,71.5,18.6,PUVI,0
OVEN,11/8/1997,68,19.1,PUVI,5
RLTH,11/8/1997,127,74,PUVI,5
RTSO,11/8/1997,88,25.9,PUVI,5
HISP,11/8/1997,80.5,24.2,PUVI,0
HISP,11/8/1997,80,25.5,PUVI,5
HISP,11/8/1997,80,24.9,PUVI,5
WCHT,11/8/1997,84.5,39.3,PUVI,5
BITH,11/8/1997,93,28.2,PUVI,5
BITH,11/8/1997,89.5,25,PUVI,0
BITH,11/8/1997,89.5,25.6,PUVI,5
BANA,11/9/1997,57.5,7.8,PUVI,0
BCPT,11/9/1997,89,30.7,PUVI,5
GABU,11/9/1997,74.5,25.5,PUVI,5
GABU,11/9/1997,76,23.6,PUVI,5
GTGT,11/9/1997,58,13,PUVI,5
GTGT,11/9/1997,65,14.5,PUVI,5
GTGT,11/9/1997,65,15,PUVI,5
GTGT,11/9/1997,65,14.8,PUVI,0
HIEM,11/9/1997,58,4.3,PUVI,0
NBTO,11/9/1997,47.5,6.8,PUVI,5
OVEN,11/9/1997,75.5,20.7,PALO,5
OVEN,11/9/1997,77,18.7,PUVI,5
OVEN,11/9/1997,72.5,19.2,PUVI,5
WEWA,11/9/1997,67,13.1,PUVI,0
HHTA,11/9/1997,65,12.6,PUVI,5
HHTA,11/9/1997,69.5,13.7,PUVI,0
BITH,11/9/1997,89.5,24.7,PUVI,5
BITH,11/9/1997,92.5,24.6,PUVI,5
BITH,11/9/1997,90,30.6,PUVI,5
BFGR,11/10/1997,55,10.1,PALO,1
BTBW,11/10/1997,62,8.4,PALO,5
BTBW,11/10/1997,66.5,9.9,PALO,NA
GABU,11/10/1997,73,NA,PALO,5
GABU,11/10/1997,74,24.7,PALO,5
GABU,11/10/1997,74,21.7,PALO,5
GABU,11/10/1997,71,22.2,PALO,5
GABU,11/10/1997,70,21.8,PALO,1
GABU,11/10/1997,NA,21,PALO,5
GAEL,11/10/1997,70.5,12.8,PALO,5
GAEL,11/10/1997,70,14.1,PALO,5
GAEL,11/10/1997,70,14.5,PALO,5
GAEL,11/10/1997,70.5,13.9,PALO,5
GTGT,11/10/1997,62,13.5,PALO,5
GTGT,11/10/1997,63.5,14.4,PALO,0
GTGT,11/10/1997,65,15.8,PALO,5
GTGT,11/10/1997,65,15.4,PALO,5
HIEM,11/10/1997,57,4.8,PALO,5
HIPE,11/10/1997,76,11.7,PALO,5
LATH,11/10/1997,125,96.3,PALO,0
NBTO,11/10/1997,47,4.8,PALO,5
NBTO,11/10/1997,45.2,6.5,PALO,5
OVEN,11/10/1997,78,19,PALO,NA
OVEN,11/10/1997,77.5,20.2,PALO,5
OVEN,11/10/1997,74.5,18.6,PALO,0
OVEN,11/10/1997,73,NA,PALO,0
OVEN,11/10/1997,75,18.2,PALO,0
RLTH,11/10/1997,133,59.8,PALO,1
HISP,11/10/1997,86,25.8,PALO,5
HISP,11/10/1997,79,23,PALO,5
SWWA,11/10/1997,69,14.8,PALO,0
WCHT,11/10/1997,94,NA,PALO,5
WCHT,11/10/1997,90,45,PALO,5
BITH,11/10/1997,91,27.3,PALO,5
BITH,11/10/1997,98,29.1,PALO,5
BITH,11/10/1997,86,23.2,PALO,5
BITH,11/10/1997,86.5,24.9,PALO,5
BITH,11/10/1997,91,27.9,PALO,1
BITH,11/10/1997,98,27.8,PALO,5
BFGR,11/11/1997,55,10.9,PALO,5
BTBW,11/11/1997,63.5,9.3,PALO,5
BTBW,11/11/1997,65,9.7,PALO,5
GABU,11/11/1997,73,24.8,PALO,5
GABU,11/11/1997,75,26.5,PALO,1
WFQD,11/11/1997,143,156.6,PALO,5
GTGT,11/11/1997,59,12.5,PALO,0
GTGT,11/11/1997,62,14.4,PALO,0
HIEM,11/11/1997,53.5,3.4,PALO,5
HIPE,11/11/1997,68,10.6,PALO,0
LATH,11/11/1997,128,97.1,PALO,5
NBTO,11/11/1997,46.5,7.5,PALO,5
OVEN,11/11/1997,75,19.1,PALO,5
OVEN,11/11/1997,77.5,19,PALO,5
OVEN,11/11/1997,72,18,PALO,5
OVEN,11/11/1997,78,18.5,PALO,0
OVEN,11/11/1997,NA,20.2,PALO,0
OVEN,11/11/1997,NA,18.4,PALO,5
OVEN,11/11/1997,77.5,19,PALO,0
OVEN,11/11/1997,72,18.1,PALO,0
RTSO,11/11/1997,88,26.4,PALO,5
RTSO,11/11/1997,88.5,27.1,PALO,5
HISP,11/11/1997,82.5,27.5,PALO,0
HHTA,11/11/1997,61.5,9.9,PALO,5
BITH,11/11/1997,97.5,28.5,PALO,5
BITH,11/11/1997,92.5,27.3,PALO,0
BITH,11/11/1997,91.5,25.3,PALO,0
BAWW,11/12/1997,67,9.4,PALO,5
BCPT,11/12/1997,87.5,28.6,PALO,0
BCPT,11/12/1997,96.5,31.8,PALO,5
GABU,11/12/1997,68.5,21.6,PALO,5
GABU,11/12/1997,76,25.4,PALO,0
NBTO,11/12/1997,46,NA,PALO,5
OVEN,11/12/1997,75.5,18,PALO,5
OVEN,11/12/1997,78.5,19.8,PALO,0
OVEN,11/12/1997,76.5,19.5,PALO,5
WCHT,11/12/1997,79.5,40.7,PALO,5
BITH,11/12/1997,97.5,28.4,PALO,5
BTBW,11/13/1997,59.5,NA,PUVI,5
GABU,11/13/1997,68.5,19.9,PUVI,1
HIEM,11/13/1997,NA,NA,PUVI,NA
HIEM,11/13/1997,59.5,4.7,PUVI,0
HIEM,11/13/1997,58.5,4.5,PUVI,0
OVEN,11/13/1997,71.5,18.2,PUVI,1
BITH,11/13/1997,92,25.4,PUVI,0
BITH,11/13/1997,92.5,25.8,PUVI,5
OVEN,11/14/1997,72,19,PUVI,5
OVEN,11/14/1997,70,19,PUVI,5
WCHT,11/14/1997,96.5,NA,PUVI,0
HHTA,11/14/1997,60,12.5,PUVI,0
HHTA,11/14/1997,64,12.2,PUVI,0
HHTA,11/14/1997,66,12,PUVI,5
HHTA,11/14/1997,62,12,PUVI,5
HHTA,11/14/1997,63.5,13.5,PUVI,0
BITH,11/14/1997,92.5,28.9,PUVI,5
BITH,11/14/1997,NA,NA,PUVI,NA
GTGT,3/4/1998,59,14.7,PUVI,1
BAWW,3/5/1998,66.5,10.5,PUVI,5
BCPT,3/5/1998,87,29.5,PUVI,5
BCPT,3/5/1998,83.5,NA,PUVI,5
BCPT,3/5/1998,89.5,27.4,PUVI,5
BTBW,3/5/1998,59,NA,PUVI,5
GABU,3/5/1998,69,24.8,PUVI,5
GABU,3/5/1998,68.5,21.6,PUVI,5
GABU,3/5/1998,78,28.2,PUVI,5
GABU,3/5/1998,74.5,24.5,PUVI,5
GABU,3/5/1998,74,24,PUVI,5
GABU,3/5/1998,74,22,PUVI,5
GABU,3/5/1998,73,23.5,PUVI,5
GABU,3/5/1998,68,19.8,PUVI,1
GAEL,3/5/1998,70.5,13,PUVI,0
GTGT,3/5/1998,61.5,13.4,PUVI,0
GTGT,3/5/1998,63,13.5,PUVI,5
GTGT,3/5/1998,62,14.1,PUVI,0
GTGT,3/5/1998,NA,14.5,PUVI,5
GTGT,3/5/1998,62.5,14,PUVI,0
GTGT,3/5/1998,61.5,14.7,PUVI,5
GTGT,3/5/1998,61,13.8,PUVI,0
GTGT,3/5/1998,61,13.8,PUVI,0
GTGT,3/5/1998,62,14.6,PUVI,5
GTGT,3/5/1998,65,14.4,PUVI,0
GTGT,3/5/1998,65,15.2,PUVI,0
GTGT,3/5/1998,58,15.4,PUVI,5
HIPE,3/5/1998,69.5,10.1,PUVI,1
NBTO,3/5/1998,47.5,6.4,PUVI,5
NBTO,3/5/1998,46,6.3,PUVI,0
NBTO,3/5/1998,47,7.1,PUVI,0
NBTO,3/5/1998,46,6.4,PUVI,5
OVEN,3/5/1998,75.5,19.3,PUVI,0
OVEN,3/5/1998,72.5,17.6,PUVI,5
OVEN,3/5/1998,75,20.1,PUVI,5
OVEN,3/5/1998,73.5,18.8,PUVI,5
RTSO,3/5/1998,85,27,PUVI,5
WCHT,3/5/1998,87.5,46.8,PUVI,5
BITH,3/5/1998,93,26.9,PUVI,5
BITH,3/5/1998,92,26.3,PUVI,5
BTBW,3/6/1998,63,8.3,PUVI,1
BTBW,3/6/1998,61.5,9.3,PUVI,5
GABU,3/6/1998,75,26.3,PUVI,5
WFQD,3/6/1998,154,178.3,PUVI,NA
GTGT,3/6/1998,65.5,NA,PUVI,NA
GTGT,3/6/1998,66.5,15.2,PUVI,5
GTGT,3/6/1998,61.5,14.5,PUVI,5
GTGT,3/6/1998,65,13.6,PUVI,5
GTGT,3/6/1998,68,NA,PUVI,5
GTGT,3/6/1998,58,13.7,PUVI,5
GTGT,3/6/1998,64,14.3,PUVI,1
GTGT,3/6/1998,NA,14.6,PUVI,NA
GTGT,3/6/1998,61,14.6,PUVI,5
GTGT,3/6/1998,61,13.2,PUVI,0
GTGT,3/6/1998,67,15.3,PUVI,1
GTGT,3/6/1998,63,12.9,PUVI,0
GTGT,3/6/1998,66.5,16.1,PUVI,5
HIEM,3/6/1998,55.5,4.3,PUVI,5
HIEM,3/6/1998,59,NA,PUVI,0
HIEM,3/6/1998,54,3.7,PUVI,0
HIEM,3/6/1998,59.5,4.4,PUVI,1
HIPE,3/6/1998,74,11.6,PUVI,5
HIWO,3/6/1998,121,74.7,PUVI,0
NBTO,3/6/1998,45,6.7,PALO,1
NBTO,3/6/1998,46.5,6.5,PUVI,5
NBTO,3/6/1998,45.5,6.7,PUVI,5
NBTO,3/6/1998,41.5,7.3,PUVI,5
NBTO,3/6/1998,45,6.4,PUVI,0
OVEN,3/6/1998,75,18.9,PUVI,5
OVEN,3/6/1998,76,20,PUVI,0
OVEN,3/6/1998,88,19.9,PUVI,5
OVEN,3/6/1998,74,17.9,PUVI,0
HISP,3/6/1998,81.5,26.1,PUVI,5
HISP,3/6/1998,83,25.2,PUVI,1
WCHT,3/6/1998,91.5,53.6,PUVI,0
WCHT,3/6/1998,NA,NA,PUVI,NA
HHTA,3/6/1998,60.5,12.7,PUVI,5
HHTA,3/6/1998,59,12.2,PUVI,5
HHTA,3/6/1998,63.5,13.8,PUVI,5
HHTA,3/6/1998,60.5,13.2,PUVI,5
HHTA,3/6/1998,61,12.7,PUVI,5
BITH,3/6/1998,86,24.8,PUVI,5
BITH,3/6/1998,87.5,28,PUVI,5
BITH,3/6/1998,92.5,24.5,PUVI,5
BITH,3/6/1998,93.5,26,PUVI,5
BITH,3/6/1998,90,27.2,PUVI,1
BITH,3/6/1998,88,27,PUVI,5
BAWW,3/7/1998,66,9.5,PUVI,5
BCPT,3/7/1998,91,28.2,PUVI,0
GABU,3/7/1998,72.5,24.4,PUVI,0
WFQD,3/7/1998,156,198,PUVI,0
WFQD,3/7/1998,NA,NA,PUVI,NA
GTGT,3/7/1998,65,14.2,PUVI,0
GTGT,3/7/1998,59.5,13.1,PUVI,5
GTGT,3/7/1998,58,13.5,PUVI,1
HIEM,3/7/1998,58,4.1,PUVI,5
NBTO,3/7/1998,47.5,7,PUVI,0
OVEN,3/7/1998,76.5,NA,PUVI,0
OVEN,3/7/1998,72,17.3,PALO,1
OVEN,3/7/1998,75,20.3,PUVI,0
OVEN,3/7/1998,72.5,17.8,PUVI,5
RTSO,3/7/1998,86,28.7,PUVI,5
HISP,3/7/1998,85.5,25,PUVI,5
HISP,3/7/1998,80,24.8,PUVI,0
HISP,3/7/1998,85,23.7,PUVI,0
SWWA,3/7/1998,69,15.4,PALO,5
BCPT,3/8/1998,96,32.2,PALO,0
BCPT,3/8/1998,92.5,30.4,PALO,0
GABU,3/8/1998,64.5,25.5,PALO,5
GAEL,3/8/1998,71,13.8,PALO,0
GAEL,3/8/1998,70.5,13.6,PALO,0
GTGT,3/8/1998,61,14.7,PALO,0
GTGT,3/8/1998,NA,NA,PALO,NA
GTGT,3/8/1998,59.5,14.8,PALO,0
GTGT,3/8/1998,62,14.5,PALO,5
HIEM,3/8/1998,56,3.8,PALO,5
HIEM,3/8/1998,60,4.2,PALO,5
HIEM,3/8/1998,53.5,3.7,PALO,5
HIEM,3/8/1998,54.5,4.2,PALO,5
NBTO,3/8/1998,45,6.7,PALO,1
NBTO,3/8/1998,46,6.4,PALO,0
NBTO,3/8/1998,46.5,6.5,PALO,0
NBTO,3/8/1998,47,7.2,PALO,5
NBTO,3/8/1998,45.5,6.3,PALO,5
OVEN,3/8/1998,73,18.4,PALO,5
RLTH,3/8/1998,129,65.9,PALO,0
RTSO,3/8/1998,85,26.3,PALO,0
RTSO,3/8/1998,86,26.7,PALO,5
RTSO,3/8/1998,89.5,30.3,PALO,0
RTSO,3/8/1998,86,26,PALO,0
RTSO,3/8/1998,86.5,28.6,PALO,5
RTSO,3/8/1998,89,27.7,PALO,5
WCHT,3/8/1998,95,50.5,PALO,5
WCHT,3/8/1998,95.5,56.7,PALO,5
HHTA,3/8/1998,62,12.2,PALO,0
BITH,3/8/1998,89.5,25.3,PALO,0
BITH,3/8/1998,97.5,28.9,PALO,1
GABU,3/9/1998,70,19.7,PALO,0
GAEL,3/9/1998,70,14.5,PALO,0
WFQD,3/9/1998,158,199.9,PALO,5
GTGT,3/9/1998,61.5,13.3,PALO,0
GTGT,3/9/1998,NA,13,PALO,NA
GTGT,3/9/1998,62,12.8,PALO,1
GTGT,3/9/1998,60,13.8,PALO,0
GTGT,3/9/1998,62.5,13.6,PALO,5
GTGT,3/9/1998,63,14.5,PALO,0
GTGT,3/9/1998,NA,NA,PALO,5
LATH,3/9/1998,129.5,91.6,PALO,5
NBTO,3/9/1998,48,7.9,PALO,5
NBTO,3/9/1998,46,6.7,PALO,1
OVEN,3/9/1998,77.5,19.9,PALO,5
RTSO,3/9/1998,88,28.8,PALO,5
RTSO,3/9/1998,82.5,27.4,PALO,0
RTSO,3/9/1998,90.5,27.5,PALO,0
RTSO,3/9/1998,85,24.8,PALO,0
HISP,3/9/1998,84,22.3,PALO,0
SWWA,3/9/1998,69.5,14.4,PALO,5
WCHT,3/9/1998,89,44.7,PALO,0
BITH,3/9/1998,87.5,NA,PALO,5
BITH,3/9/1998,88,27.1,PALO,5
BTBW,3/10/1998,62,8.1,PALO,0
BTBW,3/10/1998,60,NA,PALO,0
GABU,3/10/1998,70,19.4,PALO,5
GABU,3/10/1998,74.5,24.2,PALO,0
HIEM,3/10/1998,54,3.5,PALO,0
HIEM,3/10/1998,64.5,4.3,PALO,NA
LATH,3/10/1998,NA,88.9,PALO,5
LATH,3/10/1998,125,88.6,PALO,0
NBTO,3/10/1998,42,6.6,PALO,0
PIWA,3/10/1998,67,9.3,PALO,0
RTSO,3/10/1998,85.5,26.2,PALO,0
RTSO,3/10/1998,87,27.4,PALO,5
HHTA,3/10/1998,65,12.6,PALO,5
HHTA,3/10/1998,62,12.2,PALO,0
BITH,3/10/1998,NA,27.4,PALO,9
BITH,3/10/1998,88,25,PALO,0
BCPT,3/11/1998,84,31.6,PUVI,5
NBTO,3/11/1998,46.5,7,PUVI,1
BITH,3/11/1998,93,26.8,PUVI,1
BITH,3/11/1998,88,26.9,PUVI,5
BITH,3/11/1998,NA,NA,PUVI,1
BCPT,11/8/1998,91,35.8,PUVI,5
GABU,11/8/1998,69,21.2,PUVI,5
OVEN,11/8/1998,75,19.1,PUVI,1
HHTA,11/8/1998,64,13.3,PUVI,5
BANA,11/9/1998,54,7.5,PUVI,5
BCPT,11/9/1998,86,30.3,PUVI,5
BTBW,11/9/1998,66,9.4,PUVI,5
BTBW,11/9/1998,62,NA,PUVI,5
GABU,11/9/1998,72,NA,PUVI,5
GABU,11/9/1998,68,20.9,PUVI,1
GABU,11/9/1998,70,23.5,PUVI,NA
GTGT,11/9/1998,60,NA,PUVI,5
GTGT,11/9/1998,67.5,14.9,PUVI,0
GTGT,11/9/1998,61,15.5,PUVI,0
GTGT,11/9/1998,67,15.8,PUVI,5
GTGT,11/9/1998,64.5,NA,PUVI,5
HIEM,11/9/1998,NA,NA,PUVI,NA
HIEM,11/9/1998,NA,NA,PUVI,NA
HIWO,11/9/1998,123,90.8,PUVI,5
NBTO,11/9/1998,47,8,PUVI,5
OVEN,11/9/1998,71,17.5,PUVI,0
OVEN,11/9/1998,73,17.7,PUVI,0
OVEN,11/9/1998,72,18,PUVI,5
HHTA,11/9/1998,62,12,PUVI,5
HHTA,11/9/1998,62,12.8,PUVI,5
HHTA,11/9/1998,60.5,13.5,PUVI,5
HHTA,11/9/1998,69,12.8,PUVI,NA
HHTA,11/9/1998,NA,NA,PUVI,NA
BITH,11/9/1998,90,25.7,PUVI,1
BAWW,11/10/1998,70,10.1,PUVI,5
BCPT,11/10/1998,93,32,PUVI,0
BCPT,11/10/1998,83.5,31.4,PUVI,0
BCPT,11/10/1998,86,29.5,PUVI,0
BTBW,11/10/1998,62.5,8.4,PUVI,5
BTBW,11/10/1998,60.5,9.2,PUVI,5
GABU,11/10/1998,68,19.7,PUVI,5
GABU,11/10/1998,72.5,21.6,PUVI,5
GABU,11/10/1998,73,21.9,PUVI,5
GABU,11/10/1998,76,23.3,PUVI,5
WFQD,11/10/1998,149,183.9,PUVI,5
GTGT,11/10/1998,63.5,14.6,PUVI,1
GTGT,11/10/1998,59.5,12.9,PUVI,0
GTGT,11/10/1998,63,13.8,PUVI,0
GTGT,11/10/1998,65.5,14.8,PUVI,5
GTGT,11/10/1998,63,14.6,PUVI,5
GTGT,11/10/1998,65,NA,PUVI,5
GTGT,11/10/1998,64,14.7,PUVI,5
GTGT,11/10/1998,63,15.4,PUVI,5
GTGT,11/10/1998,64,14.8,PUVI,5
GTGT,11/10/1998,60.5,13.7,PUVI,5
HIEM,11/10/1998,NA,3.9,PUVI,5
HIPE,11/10/1998,71,10.4,PUVI,0
HIWO,11/10/1998,128,82.9,PUVI,0
NBTO,11/10/1998,45,6.3,PUVI,5
NBTO,11/10/1998,48,7,PUVI,5
NBTO,11/10/1998,48.5,7.1,PUVI,5
OVEN,11/10/1998,70,19.1,PUVI,5
OVEN,11/10/1998,72.5,19.9,PUVI,5
OVEN,11/10/1998,72,17.1,PUVI,NA
OVEN,11/10/1998,74,19.7,PUVI,5
OVEN,11/10/1998,NA,20,PUVI,5
OVEN,11/10/1998,72.5,18.1,PUVI,0
OVEN,11/10/1998,75,18.7,PUVI,5
RLTH,11/10/1998,127,70.2,PUVI,0
WCHT,11/10/1998,95,60.1,PUVI,0
WCHT,11/10/1998,100,61.4,PUVI,5
WCHT,11/10/1998,92.5,54.8,PUVI,5
HHTA,11/10/1998,62,12.6,PUVI,0
HHTA,11/10/1998,62,12.3,PUVI,NA
BCPT,11/11/1998,88.5,NA,PUVI,0
GABU,11/11/1998,69,20.4,PUVI,0
GABU,11/11/1998,71,24.1,PALO,1
GTGT,11/11/1998,64,14.7,PUVI,5
GTGT,11/11/1998,57,12.3,PUVI,0
GTGT,11/11/1998,61,13.9,PUVI,5
HIEM,11/11/1998,55,3.7,PUVI,0
HIEM,11/11/1998,54.5,3.3,PUVI,5
HIPE,11/11/1998,72.5,11.1,PUVI,0
HIWO,11/11/1998,124,71.1,PUVI,0
NBTO,11/11/1998,46,6.5,PUVI,5
OVEN,11/11/1998,77,20.6,PALO,5
OVEN,11/11/1998,77,21.5,PALO,0
OVEN,11/11/1998,75,18.4,PALO,5
OVEN,11/11/1998,70,17.4,PUVI,5
OVEN,11/11/1998,75,19.8,PUVI,0
RTSO,11/11/1998,87,29.9,PALO,5
BITH,11/11/1998,88,26.5,PALO,5
BAWW,11/12/1998,67,11.3,PALO,1
BTBW,11/12/1998,62,8.9,PALO,0
BTBW,11/12/1998,63,9.1,PALO,5
GABU,11/12/1998,74,26.7,PALO,0
GABU,11/12/1998,67.5,20.7,PALO,5
GABU,11/12/1998,72,22.4,PALO,0
GTGT,11/12/1998,63.5,13.7,PALO,5
GTGT,11/12/1998,NA,13.3,PALO,NA
GTGT,11/12/1998,62,10,PALO,0
GTGT,11/12/1998,NA,NA,PALO,5
NBTO,11/12/1998,47,6.7,PALO,5
NBTO,11/12/1998,46.5,6.9,PALO,5
OVEN,11/12/1998,75,19,PALO,0
OVEN,11/12/1998,NA,20.1,PALO,NA
SWWA,11/12/1998,69,14.9,PALO,0
WCHT,11/12/1998,93,51.4,PALO,0
WCHT,11/12/1998,92,51.1,PALO,0
HHTA,11/12/1998,61,11.8,PALO,0
HHTA,11/12/1998,60.5,12.3,PALO,5
HHTA,11/12/1998,62.5,11.8,PALO,0
HHTA,11/12/1998,60,12.1,PALO,0
HHTA,11/12/1998,60.5,12.2,PALO,5
BITH,11/12/1998,94.5,26.9,PALO,5
BAWW,11/13/1998,64.5,10.8,PALO,0
BCPT,11/13/1998,88,30.6,PALO,0
BTBW,11/13/1998,61,8.4,PALO,1
BTBW,11/13/1998,62.5,NA,PALO,5
BTBW,11/13/1998,63,9.2,PALO,5
BTBW,11/13/1998,61.5,8.9,PUVI,5
BTBW,11/13/1998,61,9.4,PUVI,5
GABU,11/13/1998,75,27.6,PALO,NA
GABU,11/13/1998,77,25.9,PALO,0
GABU,11/13/1998,70,22,PALO,5
GAEL,11/13/1998,71,13.6,PALO,5
WFQD,11/13/1998,150,NA,PALO,5
GTGT,11/13/1998,61.5,13.8,PUVI,5
GTGT,11/13/1998,61,14.5,PALO,0
GTGT,11/13/1998,64,13.5,PALO,0
GTGT,11/13/1998,60,NA,PALO,NA
HIEM,11/13/1998,60,4.5,PALO,0
LATH,11/13/1998,135,106.3,PALO,0
OVEN,11/13/1998,74.5,19.9,PALO,5
OVEN,11/13/1998,76,19.4,PALO,5
OVEN,11/13/1998,70,15.6,PALO,0
OVEN,11/13/1998,78.5,19.9,PUVI,5
OVEN,11/13/1998,73,18,PALO,0
RTSO,11/13/1998,87,25.2,PALO,5
HISP,11/13/1998,82,25.3,PALO,0
WCHT,11/13/1998,95,53.1,PALO,0
WCHT,11/13/1998,87.5,44,PALO,5
HHTA,11/13/1998,61.5,12.6,PALO,5
HHTA,11/13/1998,60.5,13.1,PALO,1
BITH,11/13/1998,88.5,24.9,PALO,0
BITH,11/13/1998,89,26.5,PALO,5
BITH,11/13/1998,90.5,25.5,PALO,0
GABU,11/14/1998,71,21.5,PALO,1
GABU,11/14/1998,70,21.2,PALO,0
GTGT,11/14/1998,65,14.6,PALO,0
GTGT,11/14/1998,64,14.3,PALO,0
GTGT,11/14/1998,67,14.2,PALO,0
GTGT,11/14/1998,62,14.1,PUVI,5
HIEM,11/14/1998,54,3.3,PALO,0
OVEN,11/14/1998,74,20.5,PALO,5
OVEN,11/14/1998,71.5,18.4,PUVI,5
OVEN,11/14/1998,76,17.8,PALO,5
HISP,11/14/1998,82,25.6,PALO,5
BITH,11/14/1998,NA,26.8,PALO,9
BITH,11/14/1998,95.5,28.9,PALO,5
GTGT,11/15/1998,61.5,14.3,PUVI,5
HIWO,11/15/1998,127.5,70.7,PUVI,0
NBTO,11/15/1998,NA,NA,PUVI,NA
NBTO,11/15/1998,46.5,6.8,PUVI,5
OVEN,11/15/1998,69,21.2,PUVI,5
OVEN,11/15/1998,74.5,19.6,PUVI,5
WCHT,11/15/1998,88.5,47.9,PUVI,5
WCHT,11/15/1998,85,42.6,PUVI,0
BITH,11/15/1998,93,24.6,PUVI,0
BITH,11/15/1998,89,24.7,PUVI,5
BITH,11/15/1998,94.5,27.4,PUVI,5
GTGT,11/16/1998,66,13.6,PUVI,5
OVEN,11/16/1998,70,17.2,PUVI,5
OVEN,11/16/1998,76.5,18.5,PUVI,5
BITH,11/16/1998,93,24.6,PUVI,0
GABU,1/24/2000,75.5,26.8,PUVI,5
GTGT,1/24/2000,64,14.8,PUVI,5
GTGT,1/24/2000,60.5,14.6,PUVI,1
GTGT,1/24/2000,64,15.4,PUVI,5
GTGT,1/24/2000,60,14.1,PUVI,5
NBTO,1/24/2000,48,6.9,PUVI,5
NBTO,1/24/2000,45.5,6.7,PUVI,1
OVEN,1/24/2000,76,19.2,PUVI,5
RTSO,1/24/2000,85,26.3,PUVI,5
WCHT,1/24/2000,96.5,NA,PUVI,5
WCHT,1/24/2000,85,52.5,PUVI,1
BAWW,1/25/2000,65.5,10.3,PUVI,0
GABU,1/25/2000,75,24.8,PUVI,0
GABU,1/25/2000,67,19.8,PUVI,5
GABU,1/25/2000,67.5,21.2,PUVI,5
GTGT,1/25/2000,65,13.1,PUVI,5
GTGT,1/25/2000,59.5,12.9,PUVI,1
GTGT,1/25/2000,59,14,PUVI,5
GTGT,1/25/2000,60,14,PUVI,5
GTGT,1/25/2000,62,13.6,PUVI,1
GTGT,1/25/2000,59,14.7,PUVI,5
GTGT,1/25/2000,60.5,14.6,PUVI,0
HIPE,1/25/2000,72.5,9.9,PUVI,0
HIPE,1/25/2000,72.5,11.6,PUVI,5
LATH,1/25/2000,122,85.8,PUVI,0
LATH,1/25/2000,123,91,PUVI,0
NBTO,1/25/2000,46,7.3,PUVI,0
NBTO,1/25/2000,45.5,6.4,PUVI,5
OVEN,1/25/2000,72.5,19,PUVI,0
OVEN,1/25/2000,77,18.9,PUVI,5
OVEN,1/25/2000,74,21.3,PUVI,0
OVEN,1/25/2000,73.5,18.6,PUVI,5
OVEN,1/25/2000,77.5,16.5,PUVI,5
OVEN,1/25/2000,70.5,18.9,PUVI,5
RTSO,1/25/2000,87,23.4,PUVI,5
RTSO,1/25/2000,NA,26.1,PUVI,0
RTSO,1/25/2000,85.5,25.5,PUVI,0
RTSO,1/25/2000,80.5,26.1,PUVI,0
RTSO,1/25/2000,92.5,27.5,PUVI,0
SSHA,1/25/2000,146,74.1,PUVI,0
SWWA,1/25/2000,72,15.8,PUVI,5
HHTA,1/25/2000,60,NA,PUVI,5
BAWW,1/26/2000,66.5,9.8,PUVI,5
BAWW,1/26/2000,62,10,PUVI,5
BAWW,1/26/2000,64.5,10.1,PUVI,NA
BCPT,1/26/2000,84,29.9,PUVI,0
BFGR,1/26/2000,55.5,10.7,PUVI,5
BTBW,1/26/2000,54.5,8.3,PUVI,5
BTBW,1/26/2000,67.5,9.5,PUVI,5
GABU,1/26/2000,NA,25.8,PUVI,1
GAEL,1/26/2000,68.5,12.5,PUVI,5
GTGT,1/26/2000,62.5,NA,PUVI,5
GTGT,1/26/2000,65.5,13.8,PUVI,5
GTGT,1/26/2000,63,13.2,PUVI,0
GTGT,1/26/2000,64.5,14.1,PUVI,0
GTGT,1/26/2000,61,14,PUVI,5
GTGT,1/26/2000,62,14.8,PUVI,5
GTGT,1/26/2000,64.5,14.7,PUVI,5
GTGT,1/26/2000,57.5,12.8,PUVI,5
GTGT,1/26/2000,64,14.2,PUVI,5
GTGT,1/26/2000,67,16,PUVI,5
HIPE,1/26/2000,71.5,10.1,PUVI,0
HIPE,1/26/2000,72.5,10.8,PUVI,0
HIPE,1/26/2000,74,11.1,PUVI,1
HITR,1/26/2000,139.5,73.8,PUVI,0
HITR,1/26/2000,137.5,80.3,PUVI,0
HIWO,1/26/2000,122.5,77.3,PUVI,5
LATH,1/26/2000,120.5,96.4,PUVI,1
NBTO,1/26/2000,46.5,5.7,PUVI,5
NBTO,1/26/2000,45,6.9,PUVI,5
OVEN,1/26/2000,76,18.1,PUVI,5
RTSO,1/26/2000,74,27.5,PUVI,0
HISP,1/26/2000,78.5,24.5,PUVI,5
SSHA,1/26/2000,147,178.9,PUVI,5
HHTA,1/26/2000,60.5,12.9,PUVI,1
BITH,1/26/2000,88.5,24,PUVI,5
BITH,1/26/2000,91.5,27.4,PUVI,5
BITH,1/26/2000,94,26.4,PUVI,0
BITH,1/26/2000,88.5,24.8,PUVI,0
BITH,1/26/2000,91,26.1,PUVI,5
GTGT,1/27/2000,64.5,13.6,PUVI,0
HIPE,1/27/2000,69,9.5,PUVI,5
LATH,1/27/2000,128.5,97.3,PUVI,5
OVEN,1/27/2000,72.5,17.6,PUVI,0
BITH,1/27/2000,NA,24.3,PUVI,5
BITH,1/27/2000,91.5,27,PUVI,5
BITH,1/27/2000,93,26.8,PUVI,5
BCPT,1/30/2001,91,33.4,PUVI,1
GABU,1/30/2001,77.5,28.9,PUVI,5
GTGT,1/30/2001,65,15.1,PUVI,5
GTGT,1/30/2001,60,14.9,PUVI,1
OVEN,1/30/2001,76.5,19.3,PUVI,1
OVEN,1/30/2001,69.5,17.7,PUVI,5
HISP,1/30/2001,84.5,27.2,PUVI,5
BAWW,1/31/2001,66.5,9.7,PUVI,5
BTBW,1/31/2001,62,NA,PUVI,5
GTGT,1/31/2001,64.5,13.8,PUVI,5
GTGT,1/31/2001,60.5,14.3,PUVI,1
GTGT,1/31/2001,65.5,14.5,PUVI,1
GTGT,1/31/2001,65.5,14.3,PUVI,1
GTGT,1/31/2001,64,14.7,PUVI,1
HIPE,1/31/2001,74.5,11.6,PUVI,5
LATH,1/31/2001,127,103.6,PUVI,1
NBTO,1/31/2001,45,6.4,PUVI,1
NBTO,1/31/2001,45,6.4,PUVI,5
NBTO,1/31/2001,47,NA,PUVI,1
NBTO,1/31/2001,46,NA,PUVI,2
OVEN,1/31/2001,78.5,17.8,PUVI,0
OVEN,1/31/2001,69.5,17.8,PUVI,5
OVEN,1/31/2001,77,19.3,PUVI,0
OVEN,1/31/2001,77,18,PUVI,1
HISP,1/31/2001,78.5,24.6,PUVI,1
HISP,1/31/2001,83.5,NA,PUVI,5
SWWA,1/31/2001,71.5,15.6,PUVI,5
WCHT,1/31/2001,102.5,NA,PUVI,1
WCHT,1/31/2001,81.5,45.3,PUVI,5
HHTA,1/31/2001,64.5,12.5,PUVI,5
BITH,1/31/2001,89.5,25.4,PUVI,5
BITH,1/31/2001,92,26.1,PUVI,5
BAWW,2/1/2001,67.5,11.3,PUVI,5
BCPT,2/1/2001,89,31.5,PUVI,5
BCPT,2/1/2001,90.5,32.6,PUVI,5
BCPT,2/1/2001,95.5,33.8,PUVI,5
GABU,2/1/2001,69,21,PUVI,5
GAEL,2/1/2001,72,12.6,PUVI,0
GTGT,2/1/2001,62,14.3,PUVI,1
GTGT,2/1/2001,64.5,NA,PUVI,5
GTGT,2/1/2001,64.5,14,PUVI,1
GTGT,2/1/2001,66.5,NA,PUVI,5
GTGT,2/1/2001,62,14.8,PUVI,NA
GTGT,2/1/2001,63,14.5,PUVI,1
HIPE,2/1/2001,74,11,PUVI,5
HIPE,2/1/2001,70,10.4,PUVI,5
LATH,2/1/2001,124.5,86.6,PUVI,5
NBTO,2/1/2001,45,6.7,PUVI,1
OVEN,2/1/2001,74,18.6,PUVI,5
OVEN,2/1/2001,72.5,18.6,PUVI,5
OVEN,2/1/2001,72,17.2,PUVI,5
OVEN,2/1/2001,76.5,19,PUVI,5
RLTH,2/1/2001,130,64.9,PUVI,5
RTSO,2/1/2001,98.5,29.4,PUVI,0
BITH,2/1/2001,89,26.7,PUVI,5
BCPT,2/2/2001,83,28.9,PUVI,5
BCPT,2/2/2001,91,31.1,PUVI,5
GTGT,2/2/2001,66,14.7,PUVI,5
GTGT,2/2/2001,67,14.2,PUVI,5
GTGT,2/2/2001,63.5,13.8,PUVI,5
HIEM,2/2/2001,57,4.4,PUVI,5
HIEM,2/2/2001,NA,NA,PUVI,NA
HIPE,2/2/2001,74,10.1,PUVI,5
HIPE,2/2/2001,73.5,11.6,PUVI,5
LATH,2/2/2001,137,97.5,PUVI,5
OVEN,2/2/2001,72.5,18.9,PUVI,5
OVEN,2/2/2001,69,16.5,PUVI,5
SSHA,2/2/2001,152,78,PUVI,5
WCHT,2/2/2001,88,50.7,PUVI,5
HHTA,2/2/2001,63,12.5,PUVI,0
HHTA,2/2/2001,64,12.6,PUVI,5
HHTA,2/2/2001,62,12.2,PUVI,5
HHTA,2/2/2001,62.5,13.5,PUVI,NA
HHTA,2/2/2001,65,13.5,PUVI,0
HHTA,2/2/2001,62.5,13.6,PUVI,5
BITH,2/2/2001,93,25.3,PUVI,5
BAWW,2/10/2002,69,11,PUVI,5
GTGT,2/10/2002,64,13.3,PUVI,5
GTGT,2/10/2002,58,14.6,PUVI,5
GTGT,2/10/2002,60,14.2,PUVI,1
HIPE,2/10/2002,69,11.9,PUVI,5
OVEN,2/10/2002,67,17.5,PUVI,0
OVEN,2/10/2002,74,21.7,PUVI,5
OVEN,2/10/2002,77,18.8,PUVI,5
HISP,2/10/2002,80.5,22.7,PUVI,5
HHTA,2/10/2002,60.5,11,PUVI,5
BITH,2/10/2002,92.5,27.3,PUVI,5
BAWW,2/11/2002,64.5,9.5,PUVI,5
BAWW,2/11/2002,67,9.7,PUVI,5
BTBW,2/11/2002,62,8.5,PUVI,5
BTBW,2/11/2002,62,8.1,PUVI,5
BTBW,2/11/2002,59,8.3,PUVI,5
BTBW,2/11/2002,NA,9.6,PUVI,0
BTBW,2/11/2002,53,8,PUVI,5
GABU,2/11/2002,68,21.3,PUVI,1
GABU,2/11/2002,71,21.9,PUVI,2
GTGT,2/11/2002,62,13.6,PUVI,1
GTGT,2/11/2002,65,13.8,PUVI,1
GTGT,2/11/2002,64,14.6,PUVI,1
GTGT,2/11/2002,62.5,13,PUVI,0
GTGT,2/11/2002,62,22.9,PUVI,5
GTGT,2/11/2002,61,13.7,PUVI,5
GTGT,2/11/2002,58,13.8,PUVI,5
GTGT,2/11/2002,64,14.2,PUVI,5
GTGT,2/11/2002,67,16,PUVI,NA
GTGT,2/11/2002,66,14.2,PUVI,1
GTGT,2/11/2002,63,13,PUVI,5
GTGT,2/11/2002,67,14.6,PUVI,1
GTGT,2/11/2002,65,14,PUVI,0
GTGT,2/11/2002,63,14.4,PUVI,1
NBTO,2/11/2002,44,6.1,PUVI,5
NBTO,2/11/2002,44.5,5.9,PUVI,1
NBTO,2/11/2002,46.5,6.8,PUVI,5
OVEN,2/11/2002,72,18.8,PUVI,5
OVEN,2/11/2002,NA,19.6,PUVI,5
OVEN,2/11/2002,73,NA,PUVI,5
RTSO,2/11/2002,91.5,27.6,PUVI,5
RTSO,2/11/2002,86,24.7,PUVI,5
HISP,2/11/2002,82.5,26.5,PUVI,0
HISP,2/11/2002,76,23.3,PUVI,5
HISP,2/11/2002,78,33.4,PUVI,0
HISP,2/11/2002,83.5,31.2,PUVI,0
HISP,2/11/2002,82,22.5,PUVI,5
HISP,2/11/2002,78,25.7,PUVI,5
HISP,2/11/2002,85.5,25.7,PUVI,NA
WCHT,2/11/2002,86,47.5,PUVI,5
WCHT,2/11/2002,92.5,55.3,PUVI,5
WCHT,2/11/2002,86,NA,PUVI,5
HHTA,2/11/2002,60,11.9,PUVI,0
BITH,2/11/2002,91,25.5,PUVI,5
AMRE,2/12/2002,58,NA,PUVI,5
BAWW,2/12/2002,64,NA,PUVI,5
BTBW,2/12/2002,NA,8.1,PUVI,NA
GABU,2/12/2002,75,25.6,PUVI,5
GABU,2/12/2002,71.5,NA,PUVI,5
GABU,2/12/2002,74.5,24.7,PUVI,1
GTGT,2/12/2002,64.5,14.5,PUVI,5
GTGT,2/12/2002,64.5,13,PUVI,5
GTGT,2/12/2002,59,13,PUVI,5
HIPE,2/12/2002,70,10,PUVI,1
NBTO,2/12/2002,NA,6.5,PUVI,5
OVEN,2/12/2002,71,21.1,PUVI,5
HISP,2/12/2002,79.5,24.8,PUVI,0
HISP,2/12/2002,81.5,23,PUVI,0
HISP,2/12/2002,79,28.1,PUVI,1
HISP,2/12/2002,86,26.5,PUVI,5
HISP,2/12/2002,79.5,NA,PUVI,5
HISP,2/12/2002,85,25,PUVI,5
SWWA,2/12/2002,67,15.4,PUVI,0
SWWA,2/12/2002,72.5,14.5,PUVI,5
WCHT,2/12/2002,94,50.3,PUVI,1
BITH,2/12/2002,95.5,27.5,PUVI,5
BITH,2/12/2002,87,26.4,PUVI,5
BTBW,2/13/2002,61,8.4,PUVI,5
BTBW,2/13/2002,61.5,7.6,PUVI,0
GABU,2/13/2002,72,20.7,PUVI,5
GABU,2/13/2002,74,23.7,PUVI,5
GABU,2/13/2002,69,21.1,PUVI,1
GTGT,2/13/2002,65,13.5,PUVI,5
GTGT,2/13/2002,65,13.3,PUVI,5
GTGT,2/13/2002,62,13.2,PUVI,5
GTGT,2/13/2002,64.5,14.8,PUVI,1
HIPE,2/13/2002,70,11.1,PUVI,0
NBTO,2/13/2002,46,6,PUVI,5
NBTO,2/13/2002,46,6.1,PALO,1
RLTH,2/13/2002,127,70,PUVI,0
RTSO,2/13/2002,81,24.6,PALO,5
RTSO,2/13/2002,86,28.5,PALO,2
RTSO,2/13/2002,88,29.6,PALO,0
HISP,2/13/2002,83,25,PALO,5
HISP,2/13/2002,76,24.8,PALO,5
WCHT,2/13/2002,95,NA,PUVI,NA
WCHT,2/13/2002,80,40.2,PUVI,5
WCHT,2/13/2002,87.5,43.3,PALO,5
BCPT,2/14/2002,82.5,29.1,PALO,5
BTBW,2/14/2002,59,7.9,PALO,5
BTBW,2/14/2002,63,9.4,PALO,5
GABU,2/14/2002,69,19.7,PALO,5
GTGT,2/14/2002,61.5,NA,PALO,5
GTGT,2/14/2002,65,14.7,PALO,5
GTGT,2/14/2002,64,13.9,PALO,0
GTGT,2/14/2002,61,14.6,PALO,0
GTGT,2/14/2002,61,13.5,PALO,5
GTGT,2/14/2002,61.5,NA,PALO,5
HIEM,2/14/2002,58,4.2,PALO,NA
HIEM,2/14/2002,51,3.9,PALO,0
HIEM,2/14/2002,59,4.7,PALO,0
HIEM,2/14/2002,58.5,4,PALO,0
HIEM,2/14/2002,60,4.1,PALO,0
HIPE,2/14/2002,70.5,10.7,PALO,0
LATH,2/14/2002,128.5,92.4,PALO,5
NBTO,2/14/2002,46,7.3,PALO,5
NBTO,2/14/2002,45.5,6.3,PALO,5
NBTO,2/14/2002,46,6.6,PALO,5
NBTO,2/14/2002,46.5,6.4,PALO,5
NBTO,2/14/2002,40.5,6.5,PALO,5
NBTO,2/14/2002,46,6.6,PALO,NA
OVEN,2/14/2002,73.5,20.7,PALO,5
OVEN,2/14/2002,77,18.7,PALO,5
OVEN,2/14/2002,75,18.8,PALO,5
RTSO,2/14/2002,89,25,PALO,5
RTSO,2/14/2002,88,29.9,PALO,5
WCHT,2/14/2002,91,52.4,PALO,5
HHTA,2/14/2002,58.5,12.7,PALO,5
BAWW,2/15/2002,60,9.6,PALO,5
GABU,2/15/2002,74,21,PALO,5
GABU,2/15/2002,68,21,PALO,0
GABU,2/15/2002,67,19.5,PALO,5
GTGT,2/15/2002,60.5,14,PALO,5
HIEM,2/15/2002,55,4,PALO,0
HIEM,2/15/2002,53,4,PALO,0
HIEM,2/15/2002,52,4.5,PALO,0
HIEM,2/15/2002,54,4.5,PALO,0
HIPE,2/15/2002,71.5,11.5,PALO,5
HITR,2/15/2002,135,76,PALO,5
OVEN,2/15/2002,71,NA,PALO,5
OVEN,2/15/2002,77.5,20.1,PALO,5
RTSO,2/15/2002,84.5,23,PALO,5
RTSO,2/15/2002,87,29.3,PALO,5
RTSO,2/15/2002,86,27.8,PALO,5
RTSO,2/15/2002,86.5,29.3,PALO,5
RTSO,2/15/2002,88.5,28.5,PALO,5
HISP,2/15/2002,80.5,25.1,PALO,0
WCHT,2/15/2002,98.5,44.6,PALO,0
WCHT,2/15/2002,96,47,PALO,0
WCHT,2/15/2002,84.5,42,PALO,0
WCHT,2/15/2002,93,48.6,PALO,5
BITH,2/15/2002,95,27.7,PALO,5
BITH,2/15/2002,93.5,27.5,PALO,5
BITH,2/15/2002,93,25.8,PALO,5
BITH,2/15/2002,96,26.4,PALO,5
GABU,2/16/2002,70,23.3,PUVI,5
GTGT,2/16/2002,59,14.2,PUVI,5
HIEM,2/16/2002,60,4.5,PALO,0
NBTO,2/16/2002,45,6.5,PUVI,5
OVEN,2/16/2002,75,18.8,PUVI,5
OVEN,2/16/2002,72,20.1,PALO,5
RTSO,2/16/2002,86.5,27.5,PALO,5
HISP,2/16/2002,83.5,25,PUVI,5
WCHT,2/16/2002,94.5,48.1,PALO,5
BITH,2/16/2002,93.5,26.6,PALO,5
GTGT,2/17/2002,63.5,13.7,PUVI,5
LATH,2/17/2002,124.5,NA,PUVI,5
WCHT,2/17/2002,94,53.6,PUVI,5
BITH,2/17/2002,87.5,23.6,PUVI,5
BITH,2/17/2002,92.5,26.4,PUVI,5
BITH,2/17/2002,NA,NA,PUVI,0
BCPT,5/13/2002,89,30.3,PUVI,1
GTGT,5/13/2002,62,14.6,PUVI,5
GTGT,5/13/2002,64,16.5,PUVI,1
GTGT,5/13/2002,61,16.1,PUVI,1
GTGT,5/13/2002,63.5,15.3,PUVI,5
GTGT,5/13/2002,NA,NA,PUVI,1
GTGT,5/13/2002,NA,NA,PUVI,5
GTGT,5/13/2002,60,14.4,PUVI,1
GTGT,5/13/2002,59.5,14.1,PUVI,1
GTGT,5/13/2002,62,15,PUVI,5
HIEM,5/13/2002,57,4.3,PUVI,0
HISP,5/13/2002,80,27.6,PUVI,1
HISP,5/13/2002,84,25,PUVI,5
HISP,5/13/2002,84.5,25.7,PUVI,5
HISP,5/13/2002,82,24.4,PUVI,1
HISP,5/13/2002,80,23.2,PUVI,1
HISP,5/13/2002,75,29.3,PUVI,1
NBTO,5/13/2002,44.5,6.3,PUVI,1
NBTO,5/13/2002,45,6.5,PUVI,5
RLTH,5/13/2002,123.5,75.3,PUVI,5
RTSO,5/13/2002,87,26.2,PUVI,1
RTSO,5/13/2002,89.5,26.9,PUVI,5
WCHT,5/13/2002,91,58.3,PUVI,5
BCPT,5/14/2002,86.5,37.9,PUVI,5
BCPT,5/14/2002,85.5,38.1,PUVI,5
BCPT,5/14/2002,86,30,PUVI,0
GABU,5/14/2002,75.5,24.6,PUVI,5
GABU,5/14/2002,76,23.8,PUVI,5
GAEL,5/14/2002,70.5,14.1,PUVI,1
GAEL,5/14/2002,70.5,13.6,PUVI,5
GAEL,5/14/2002,68.5,13.2,PUVI,5
GTGT,5/14/2002,62,15.1,PUVI,1
GTGT,5/14/2002,60,13.8,PUVI,5
GTGT,5/14/2002,65,16.1,PUVI,5
GTGT,5/14/2002,61,13.8,PUVI,5
GTGT,5/14/2002,59,13.2,PUVI,5
GTGT,5/14/2002,63,15.9,PUVI,5
GTGT,5/14/2002,60,14,PUVI,2
HIEM,5/14/2002,55,3.6,PUVI,0
HIPE,5/14/2002,75,11.4,PUVI,5
HIPE,5/14/2002,68,10.3,PUVI,0
HIPE,5/14/2002,71.5,NA,PUVI,0
HIPE,5/14/2002,71.5,12.9,PUVI,5
HISP,5/14/2002,81.5,21.7,PUVI,5
HISP,5/14/2002,74,25.2,PUVI,0
HISP,5/14/2002,81,25.3,PUVI,0
HISP,5/14/2002,77,28.1,PUVI,5
HISP,5/14/2002,NA,31.8,PUVI,5
HISP,5/14/2002,82,25.5,PUVI,5
HIWO,5/14/2002,127,94.2,PUVI,5
LATH,5/14/2002,128,99.3,PUVI,5
NBTO,5/14/2002,46,6.6,PUVI,1
NBTO,5/14/2002,45,6,PUVI,5
NBTO,5/14/2002,47,7.3,PUVI,1
RLTH,5/14/2002,119.5,68.4,PUVI,5
RLTH,5/14/2002,125,70.1,PUVI,0
RLTH,5/14/2002,125,77.7,PUVI,5
RTSO,5/14/2002,86,27.8,PUVI,1
WCHT,5/14/2002,94,NA,PUVI,5
WCHT,5/14/2002,94,NA,PUVI,1
HHTA,5/14/2002,58.5,12,PUVI,1
HHTA,5/14/2002,61,12.2,PUVI,5
BCPT,5/15/2002,85,31.3,PUVI,5
BCPT,5/15/2002,86.5,32.8,PUVI,5
GABU,5/15/2002,84.5,27.7,PUVI,5
GAEL,5/15/2002,64,13.1,PUVI,0
GAEL,5/15/2002,66,5,PUVI,5
GAEL,5/15/2002,65,NA,PUVI,5
GTGT,5/15/2002,62.5,19.5,PUVI,NA
GTGT,5/15/2002,62.5,15.3,PUVI,5
GTGT,5/15/2002,66.5,15.8,PUVI,1
GTGT,5/15/2002,62,15.7,PUVI,2
GTGT,5/15/2002,58,14.1,PUVI,0
GTGT,5/15/2002,63.5,14.1,PUVI,5
GTGT,5/15/2002,59,12.9,PUVI,0
GTGT,5/15/2002,66.5,15.5,PUVI,5
GTGT,5/15/2002,64,14.7,PUVI,0
GTGT,5/15/2002,62,14.7,PUVI,5
GTGT,5/15/2002,68,14.7,PUVI,5
GTGT,5/15/2002,NA,13,PUVI,5
GTGT,5/15/2002,62,NA,PUVI,5
HIEM,5/15/2002,54.5,4,PUVI,5
HIEM,5/15/2002,55,3.7,PUVI,5
HIEM,5/15/2002,53,3.5,PUVI,5
HIPE,5/15/2002,67.5,10.8,PUVI,5
HIPE,5/15/2002,NA,11.3,PUVI,NA
HIPE,5/15/2002,74,11.3,PUVI,5
HISP,5/15/2002,81.5,23.9,PUVI,5
HISP,5/15/2002,79,23.1,PUVI,1
HISP,5/15/2002,83,25.7,PUVI,5
HISP,5/15/2002,76,26.7,PUVI,5
HISP,5/15/2002,77,27,PUVI,1
HISP,5/15/2002,80,26.9,PUVI,5
LATH,5/15/2002,130,108.7,PUVI,5
NBTO,5/15/2002,46,6.9,PUVI,1
NBTO,5/15/2002,46,6.5,PUVI,1
NBTO,5/15/2002,NA,6.4,PUVI,NA
NBTO,5/15/2002,46,6.2,PUVI,1
NBTO,5/15/2002,44,6.4,PUVI,2
NBTO,5/15/2002,48.5,7.2,PUVI,1
RLTH,5/15/2002,NA,71.8,PUVI,NA
RTSO,5/15/2002,91.5,26.6,PUVI,5
RTSO,5/15/2002,81,24.4,PUVI,2
WCHT,5/15/2002,81.5,50.1,PUVI,1
HHTA,5/15/2002,60,11.7,PUVI,5
BFGR,5/16/2002,52.5,10.5,PUVI,5
GABU,5/16/2002,76.5,25.5,PUVI,5
GAEL,5/16/2002,69,13.5,PUVI,0
GAEL,5/16/2002,69.5,12.8,PUVI,5
GTGT,5/16/2002,63,14.5,PUVI,5
GTGT,5/16/2002,65.5,13.8,PUVI,5
GTGT,5/16/2002,62,14.4,PUVI,5
GTGT,5/16/2002,60,14.2,PUVI,5
GTGT,5/16/2002,61,NA,PUVI,5
GTGT,5/16/2002,61.5,13.6,PUVI,NA
GTGT,5/16/2002,60,13.6,PUVI,5
GTGT,5/16/2002,62,15.5,PUVI,0
GTGT,5/16/2002,62,NA,PUVI,1
GTGT,5/16/2002,62,15.9,PUVI,1
HIEM,5/16/2002,54.5,3.7,PUVI,0
HIWO,5/16/2002,124.5,79.3,PUVI,5
NBTO,5/16/2002,45.5,6.7,PUVI,5
NBTO,5/16/2002,45,6.6,PUVI,5
NBTO,5/16/2002,45.5,6.5,PUVI,5
WCHT,5/16/2002,87,50.3,PUVI,0
WCHT,5/16/2002,85.5,41.6,PUVI,5
GTGT,5/17/2002,64,15.6,PUVI,5
GTGT,5/17/2002,62,16.5,PUVI,5
HIEM,5/17/2002,55,4,PUVI,5
GAEL,5/18/2002,69.5,12.9,PUVI,0
HIPE,5/18/2002,68.5,12.9,PUVI,1
NBTO,5/18/2002,46,7.2,PUVI,5
RLTH,5/18/2002,129.5,NA,PUVI,0
HHTA,5/18/2002,64,13.8,PUVI,5
HHTA,5/18/2002,64,13.2,PUVI,5
GTGT,1/30/2003,62,16,PALO,1
HIEM,1/30/2003,53.5,4,PALO,0
RTSO,1/30/2003,84,26.2,PALO,5
RTSO,1/30/2003,84,27.5,PALO,5
BITH,1/30/2003,94.5,27.1,PUVI,5
BTBW,1/31/2003,61.5,9.5,PALO,5
BTBW,1/31/2003,68,9.5,PALO,5
BTBW,1/31/2003,62.5,9.2,PALO,5
GABU,1/31/2003,75,26,PALO,5
GTGT,1/31/2003,66.5,15.2,PALO,5
GTGT,1/31/2003,62.5,14.7,PALO,1
GTGT,1/31/2003,66.5,15.3,PALO,1
GTGT,1/31/2003,66,14.8,PALO,5
GTGT,1/31/2003,65.5,15.4,PALO,NA
GTGT,1/31/2003,61,14.4,PALO,5
HIEM,1/31/2003,57,3.6,PALO,5
NBTO,1/31/2003,47.5,6.3,PALO,1
NBTO,1/31/2003,46.5,7.2,PALO,1
OVEN,1/31/2003,77,18.1,PALO,1
RTSO,1/31/2003,85,27.2,PALO,5
RTSO,1/31/2003,81,29,PALO,1
RTSO,1/31/2003,90,28.5,PALO,1
RTSO,1/31/2003,88,27.2,PALO,5
WCHT,1/31/2003,100,53,PALO,5
WCHT,1/31/2003,94,52.4,PALO,5
WCHT,1/31/2003,95.5,48.3,PALO,0
BITH,1/31/2003,95,28.1,PALO,5
BITH,1/31/2003,91.5,26.9,PALO,5
BCPT,2/1/2003,87,32,PALO,5
BTBW,2/1/2003,61,9.3,PALO,5
GTGT,2/1/2003,60,NA,PALO,5
HIEM,2/1/2003,61.5,4.3,PALO,0
HIEM,2/1/2003,54.5,3.9,PALO,0
HIEM,2/1/2003,54,NA,PALO,0
HIEM,2/1/2003,52.5,3.8,PALO,0
HITR,2/1/2003,136,70.2,PALO,5
HIWO,2/1/2003,131,99,PALO,5
HIWO,2/1/2003,126.5,74,PALO,0
NBTO,2/1/2003,47.5,7.3,PALO,1
OVEN,2/1/2003,73.5,20.9,PALO,1
OVEN,2/1/2003,72.5,19.1,PALO,0
RTSO,2/1/2003,84.5,25.4,PALO,0
RTSO,2/1/2003,84.5,26.8,PALO,5
HHTA,2/1/2003,64,13.8,PALO,5
BCPT,2/2/2003,92.5,31,PALO,NA
BFGR,2/2/2003,56,10.2,PALO,5
BTBW,2/2/2003,63,9.7,PALO,5
GABU,2/2/2003,64,19.2,PUVI,1
GTGT,2/2/2003,60,13.6,PALO,5
GTGT,2/2/2003,67,14.4,PUVI,5
HIEM,2/2/2003,56,3.5,PALO,5
HIEM,2/2/2003,56,4,PALO,5
HIPE,2/2/2003,73,10.4,PALO,5
HIPE,2/2/2003,68.5,10.2,PALO,0
NBTO,2/2/2003,45,6.7,PALO,5
OVEN,2/2/2003,73.5,20.5,PALO,5
RLTH,2/2/2003,130.5,71.6,PUVI,5
SWWA,2/2/2003,70.5,17.6,PUVI,5
WCHT,2/2/2003,95,48.3,PALO,0
HHTA,2/2/2003,67,13.6,PUVI,5
BITH,2/2/2003,86,26.1,PUVI,1
BITH,2/2/2003,90.5,25.3,PUVI,5
BCPT,2/3/2003,89.5,34.2,PUVI,5
BCPT,2/3/2003,86,34,PUVI,5
BCPT,2/3/2003,87,34,PUVI,1
BCPT,2/3/2003,88,34.1,PUVI,1
BCPT,2/3/2003,87,30,PUVI,5
BCPT,2/3/2003,83.5,NA,PUVI,5
GABU,2/3/2003,76.5,28.3,PUVI,5
GABU,2/3/2003,69,22.2,PUVI,5
GABU,2/3/2003,65,18.3,PUVI,5
GABU,2/3/2003,69,21.3,PUVI,1
GABU,2/3/2003,71.5,22,PUVI,5
GABU,2/3/2003,76,26.8,PUVI,5
GABU,2/3/2003,74,24.5,PUVI,5
GTGT,2/3/2003,64.5,14.8,PUVI,5
GTGT,2/3/2003,63.5,14.7,PUVI,5
GTGT,2/3/2003,58.5,13.5,PUVI,5
GTGT,2/3/2003,58,13.7,PUVI,NA
GTGT,2/3/2003,55.5,13,PUVI,5
GTGT,2/3/2003,60,14.8,PUVI,5
GTGT,2/3/2003,NA,NA,PUVI,NA
GTGT,2/3/2003,65,15.4,PUVI,1
GTGT,2/3/2003,65.5,13.8,PUVI,5
HIPE,2/3/2003,67,25.1,PUVI,1
HIPE,2/3/2003,77,10.5,PUVI,5
HIPE,2/3/2003,70.5,11.5,PUVI,5
HIPE,2/3/2003,69.5,11.3,PUVI,1
HIPE,2/3/2003,73,10.8,PUVI,5
HIPE,2/3/2003,72,10.8,PUVI,5
HIPE,2/3/2003,73,10.8,PUVI,NA
HISP,2/3/2003,80,25.4,PUVI,5
HISP,2/3/2003,80,25.6,PUVI,5
HITR,2/3/2003,138,84.4,PUVI,5
NBTO,2/3/2003,47.5,7.1,PUVI,5
NBTO,2/3/2003,46.5,7,PUVI,5
NBTO,2/3/2003,45.5,6.7,PUVI,5
NBTO,2/3/2003,46,6.8,PUVI,5
NBTO,2/3/2003,46,7,PUVI,5
OVEN,2/3/2003,74.5,18.4,PUVI,5
OVEN,2/3/2003,74.5,18.8,PUVI,5
RTSO,2/3/2003,86,25.8,PUVI,5
RTSO,2/3/2003,92,28.8,PUVI,5
RTSO,2/3/2003,83,28.4,PUVI,1
WCHT,2/3/2003,89,54.7,PUVI,5
WCHT,2/3/2003,95,54.5,PUVI,5
WCHT,2/3/2003,88,46,PUVI,5
HHTA,2/3/2003,63.5,12.5,PUVI,5
BITH,2/3/2003,92,24.9,PUVI,5
BITH,2/3/2003,91.5,24.7,PUVI,5
BITH,2/3/2003,92,30.3,PUVI,1
BCPT,2/4/2003,88.5,NA,PUVI,5
BTBW,2/4/2003,58,8.8,PUVI,5
BTBW,2/4/2003,59.5,8.8,PUVI,5
GABU,2/4/2003,72.5,23.6,PUVI,5
GABU,2/4/2003,70.5,21.1,PUVI,5
GABU,2/4/2003,67,20.1,PUVI,5
GTGT,2/4/2003,57,11.6,PUVI,5
GTGT,2/4/2003,63,NA,PUVI,5
GTGT,2/4/2003,63,14,PUVI,5
GTGT,2/4/2003,63.5,14.6,PUVI,5
GTGT,2/4/2003,59,16.1,PUVI,1
HIPE,2/4/2003,67.5,18.2,PUVI,5
HISP,2/4/2003,79,24.9,PUVI,5
HISP,2/4/2003,82,23.9,PUVI,5
HISP,2/4/2003,86,24.4,PUVI,5
HISP,2/4/2003,85,25.3,PUVI,5
OVEN,2/4/2003,70.5,17.1,PUVI,5
OVEN,2/4/2003,77,19.5,PUVI,5
RTSO,2/4/2003,85,29.7,PUVI,5
SSHA,2/4/2003,152,74.4,PUVI,5
SWWA,2/4/2003,74,14.3,PUVI,5
HHTA,2/4/2003,62,12.5,PUVI,5
HHTA,2/4/2003,59.5,11.8,PUVI,5
BITH,2/4/2003,88,23.3,PUVI,5
BITH,2/4/2003,89,25.1,PUVI,5
BITH,2/4/2003,91.5,24.8,PUVI,5
BCPT,2/5/2003,92.5,31.2,PUVI,5
BCPT,2/5/2003,97,28.6,PUVI,5
BCPT,2/5/2003,89,29.2,PUVI,5
GABU,2/5/2003,71,NA,PUVI,5
GABU,2/5/2003,74.5,25.3,PUVI,5
GAEL,2/5/2003,69,13.1,PUVI,5
GTGT,2/5/2003,63,14.5,PUVI,5
GTGT,2/5/2003,64.5,13.5,PUVI,5
OVEN,2/5/2003,74.5,18.6,PUVI,5
HHTA,2/5/2003,NA,NA,PUVI,NA
HHTA,2/5/2003,63,12.6,PUVI,NA
BITH,2/5/2003,85,24.5,PUVI,5
BITH,2/5/2003,82.5,26.1,PUVI,5
BITH,2/5/2003,93.5,27.3,PUVI,5
GTGT,5/16/2003,64.5,18.7,PUVI,5
GTGT,5/16/2003,65,15,PUVI,1
GTGT,5/16/2003,63.5,16.3,PUVI,5
GTGT,5/16/2003,63.5,16.6,PUVI,NA
NBTO,5/16/2003,47.5,7.1,PUVI,5
NBTO,5/16/2003,44.5,6.7,PUVI,5
NBTO,5/16/2003,45.5,7,PUVI,5
NBTO,5/16/2003,47.5,7,PUVI,5
RTSO,5/16/2003,90,27.2,PUVI,5
RTSO,5/16/2003,82.5,23.5,PUVI,5
HHTA,5/16/2003,63,13.2,PUVI,5
HHTA,5/16/2003,60,12.9,PUVI,5
ANMA,5/17/2003,65,6.3,PUVI,5
BCPT,5/17/2003,85,32.3,PUVI,5
BCPT,5/17/2003,80,28,PUVI,5
BCPT,5/17/2003,86.5,30.1,PUVI,5
GABU,5/17/2003,70,23.6,PUVI,5
GABU,5/17/2003,73.5,24.6,PUVI,5
GABU,5/17/2003,67.5,22.1,PUVI,5
GTGT,5/17/2003,65.5,13.7,PUVI,5
GTGT,5/17/2003,62.5,16.7,PUVI,2
GTGT,5/17/2003,61,13.9,PUVI,5
GTGT,5/17/2003,65,15.8,PUVI,5
GTGT,5/17/2003,62,15.1,PUVI,1
GTGT,5/17/2003,65,15.7,PUVI,1
GTGT,5/17/2003,64.5,14.6,PUVI,5
GTGT,5/17/2003,62,14.9,PUVI,5
GTGT,5/17/2003,62,15.1,PUVI,5
GTGT,5/17/2003,66,13.9,PUVI,5
GTGT,5/17/2003,65,15,PUVI,5
HIEM,5/17/2003,NA,NA,PUVI,NA
HIEM,5/17/2003,53,3.5,PUVI,5
HIEM,5/17/2003,53.5,3.6,PUVI,5
HIEM,5/17/2003,54.5,3.5,PUVI,5
HIEM,5/17/2003,56,3.7,PUVI,5
HIEM,5/17/2003,51.5,3,PUVI,5
HIEM,5/17/2003,56,3.5,PUVI,5
HISP,5/17/2003,77,25.9,PUVI,5
HISP,5/17/2003,82.5,26.8,PUVI,5
HISP,5/17/2003,73,19,PUVI,5
NBTO,5/17/2003,47.5,6.7,PUVI,5
NBTO,5/17/2003,44.5,6.6,PUVI,5
NBTO,5/17/2003,45.5,6.8,PUVI,5
NBTO,5/17/2003,44.5,6.2,PUVI,5
RLTH,5/17/2003,130,69,PUVI,5
HHTA,5/17/2003,59.5,12.7,PUVI,5
HHTA,5/17/2003,65.5,13.3,PUVI,5
HHTA,5/17/2003,60.5,12.4,PUVI,5
HHTA,5/17/2003,22.48,12.03,PUVI,5
GTGT,5/18/2003,63,14.9,PUVI,5
GTGT,5/18/2003,61.5,14.3,PUVI,5
GTGT,5/18/2003,62,14,PUVI,5
GTGT,5/18/2003,61.5,15.7,PUVI,5
GTGT,5/18/2003,59,14.2,PUVI,5
GTGT,5/18/2003,60,14,PUVI,5
GTGT,5/18/2003,66,15.4,PUVI,5
HIEM,5/18/2003,57.5,3.9,PUVI,5
HIEM,5/18/2003,NA,NA,PUVI,5
HIEM,5/18/2003,NA,NA,PUVI,5
HIPE,5/18/2003,70,14.2,PUVI,1
NBTO,5/18/2003,38.5,6.4,PUVI,5
NBTO,5/18/2003,46,6.9,PUVI,1
NBTO,5/18/2003,43.5,6,PUVI,5
NBTO,5/18/2003,45,6.4,PUVI,5
NBTO,5/18/2003,48.5,7.3,PUVI,5
RTSO,5/18/2003,86,25.1,PUVI,5
WCHT,5/18/2003,94.5,49.2,PUVI,5
WCHT,5/18/2003,91.5,57.9,PUVI,5
WCHT,5/18/2003,NA,NA,PUVI,NA
WCHT,5/18/2003,80.5,40.4,PUVI,5
HHTA,5/18/2003,61.5,12.6,PUVI,5
HHTA,5/18/2003,59,12.8,PUVI,5
HHTA,5/18/2003,62.5,14.5,PUVI,5
BCPT,5/19/2003,83,31.9,PUVI,5
GABU,5/19/2003,74,24.1,PUVI,5
GTGT,5/19/2003,NA,13.9,PUVI,NA
GTGT,5/19/2003,63,14.8,PUVI,5
GTGT,5/19/2003,64.5,14.3,PUVI,5
GTGT,5/19/2003,62.5,14.3,PUVI,5
GTGT,5/19/2003,60.5,13.4,PUVI,5
GTGT,5/19/2003,63.5,14.3,PUVI,1
GTGT,5/19/2003,61.5,15.5,PUVI,5
HIEM,5/19/2003,56,NA,PUVI,5
HIEM,5/19/2003,53.5,NA,PUVI,5
HIWO,5/19/2003,122,71,PUVI,5
NBTO,5/19/2003,46,7.1,PUVI,5
NBTO,5/19/2003,45.5,6.2,PUVI,5
NBTO,5/19/2003,45.5,7,PUVI,5
RTSO,5/19/2003,NA,24.5,PUVI,NA
WCHT,5/19/2003,83.5,49.7,PUVI,5
HHTA,5/19/2003,65,13.6,PUVI,5
HHTA,5/19/2003,69.5,12.5,PUVI,5
BCPT,5/20/2003,86,32.6,PUVI,5
GABU,5/20/2003,68,21,PUVI,5
GABU,5/20/2003,78,26.1,PUVI,1
GABU,5/21/2003,76,26.8,PUVI,5
GABU,5/21/2003,70,20.8,PUVI,1
GTGT,5/21/2003,62,14.7,PUVI,5
GTGT,5/21/2003,60,14.4,PUVI,5
NBTO,5/21/2003,47,6.5,PUVI,0
BCPT,5/22/2003,87,34.7,PUVI,1
GABU,5/22/2003,72,22.08,PUVI,5
GAEL,5/22/2003,70,13.5,PUVI,NA
GAEL,5/22/2003,69,13.5,PUVI,NA
GTGT,5/22/2003,65,13.5,PUVI,5
GTGT,5/22/2003,NA,NA,PUVI,NA
GTGT,5/22/2003,NA,NA,PUVI,NA
HIEM,5/22/2003,54,NA,PUVI,NA
HIPE,5/22/2003,NA,NA,PUVI,NA
NBTO,5/22/2003,45.5,7.2,PUVI,5
BITH,2/19/2004,91.5,29.5,PUVI,5
BITH,2/19/2004,86,26.7,PUVI,5
BITH,2/19/2004,88.5,27,PUVI,5
BCPT,2/20/2004,84,29.4,PALO,5
BCPT,2/20/2004,93.5,30.6,PALO,5
BTBW,2/20/2004,65.5,9.1,PALO,5
GTGT,2/20/2004,58,13.1,PALO,5
GTGT,2/20/2004,64,14.8,PALO,1
GTGT,2/20/2004,62.5,15.1,PALO,1
GTGT,2/20/2004,66.5,14.4,PALO,5
GTGT,2/20/2004,62.5,14.7,PALO,5
HIEM,2/20/2004,56.5,4.3,PALO,1
HIPE,2/20/2004,59.5,10.9,PALO,1
HIPE,2/20/2004,75,12.1,PALO,0
HISP,2/20/2004,81,25.7,PALO,2
LATH,2/20/2004,128.5,94.8,PALO,5
OVEN,2/20/2004,73,18.2,PALO,5
RTSO,2/20/2004,88.5,25.8,PALO,5
RTSO,2/20/2004,88,27.7,PALO,5
RTSO,2/20/2004,88,29.9,PALO,5
WCHT,2/20/2004,95,48.9,PALO,5
BCPT,2/21/2004,82.5,29.9,PALO,5
GAEL,2/21/2004,73,13.8,PALO,5
GAEL,2/21/2004,68.5,14.2,PALO,5
GAEL,2/21/2004,71.5,13.6,PALO,5
HIEM,2/21/2004,48.5,3.8,PALO,5
HISP,2/21/2004,73.5,22.2,PALO,1
NBTO,2/21/2004,47,7.2,PALO,5
NBTO,2/21/2004,46.5,6.9,PALO,5
NBTO,2/21/2004,45.5,6.4,PALO,5
OVEN,2/21/2004,77.5,18.8,PALO,5
RTSO,2/21/2004,89.5,29.9,PALO,2
RTSO,2/21/2004,90,28.6,PALO,5
RTSO,2/21/2004,85.5,26.2,PALO,5
WCHT,2/21/2004,90.5,53.5,PALO,5
WCHT,2/21/2004,90,51.8,PALO,1
BCPT,2/22/2004,84.5,31.8,PUVI,5
BTBW,2/22/2004,62,8.7,PALO,5
BTBW,2/22/2004,60.5,8.3,PALO,5
BTBW,2/22/2004,61,7.9,PALO,3
GABU,2/22/2004,69,23.3,PUVI,5
GABU,2/22/2004,NA,NA,PUVI,5
GAEL,2/22/2004,69.5,13.7,PUVI,5
GTGT,2/22/2004,59.5,15.9,PUVI,1
GTGT,2/22/2004,59,14.3,PUVI,5
HIPE,2/22/2004,72.5,11,PUVI,5
NBTO,2/22/2004,46,7.4,PUVI,5
OVEN,2/22/2004,72,19.5,PUVI,5
OVEN,2/22/2004,64.5,19,PUVI,1
OVEN,2/22/2004,75,9.6,PALO,5
RTSO,2/22/2004,86,27.6,PALO,5
BITH,2/22/2004,92,25.4,PUVI,5
BITH,2/22/2004,95.5,27.9,PALO,5
BITH,2/22/2004,92.5,25.5,PALO,5
BANA,2/23/2004,50.5,NA,PUVI,5
BTBW,2/23/2004,59.5,8.2,PUVI,5
BTBW,2/23/2004,64.5,NA,PUVI,5
GABU,2/23/2004,69,20.8,PUVI,5
GABU,2/23/2004,69.5,20.6,PUVI,5
GABU,2/23/2004,74.5,24.9,PUVI,5
GABU,2/23/2004,76.5,24.9,PUVI,5
GTGT,2/23/2004,64,13.9,PUVI,5
GTGT,2/23/2004,63,14.5,PUVI,5
GTGT,2/23/2004,64.5,14.3,PUVI,5
GTGT,2/23/2004,67,15,PUVI,1
HILC,2/23/2004,137.5,115,PUVI,5
HIPE,2/23/2004,70.5,10.5,PUVI,5
NBTO,2/23/2004,46,7,PUVI,5
NBTO,2/23/2004,47,7,PUVI,1
OVEN,2/23/2004,71,17.3,PUVI,5
OVEN,2/23/2004,76,18.5,PUVI,5
OVEN,2/23/2004,75,19.9,PUVI,0
OVEN,2/23/2004,74.5,17.2,PUVI,5
OVEN,2/23/2004,68,18,PUVI,5
OVEN,2/23/2004,76,19.7,PUVI,5
RTSO,2/23/2004,85.5,26.3,PUVI,5
RTSO,2/23/2004,90,27.9,PUVI,5
RTSO,2/23/2004,84,27.5,PUVI,5
RTSO,2/23/2004,89,26,PUVI,0
WCHT,2/23/2004,94,57.6,PUVI,5
BITH,2/23/2004,90.5,26.8,PUVI,5
BITH,2/23/2004,87.5,24.6,PUVI,5
BITH,2/23/2004,91.5,27.9,PUVI,5
BCPT,2/24/2004,82.5,30.9,PUVI,5
BTBW,2/24/2004,64,8.4,PUVI,5
BTBW,2/24/2004,64,10.1,PUVI,5
GABU,2/24/2004,72.5,21.4,PUVI,1
GAEL,2/24/2004,71.5,14.5,PUVI,5
GAEL,2/24/2004,NA,NA,PUVI,5
GAEL,2/24/2004,69.5,13.7,PUVI,5
GTGT,2/24/2004,65.5,14.4,PUVI,5
GTGT,2/24/2004,61.5,13.4,PUVI,5
GTGT,2/24/2004,62,14,PUVI,5
GTGT,2/24/2004,66,15.5,PUVI,5
GTGT,2/24/2004,67,15.2,PUVI,5
GTGT,2/24/2004,62.5,14,PUVI,5
HISP,2/24/2004,75,26.5,PUVI,0
HISP,2/24/2004,78.5,25.9,PUVI,5
NBTO,2/24/2004,45,NA,PUVI,NA
NBTO,2/24/2004,47,6.5,PUVI,5
NBTO,2/24/2004,46,6.9,PUVI,5
OVEN,2/24/2004,NA,NA,PUVI,1
OVEN,2/24/2004,79,20.3,PUVI,5
OVEN,2/24/2004,74.5,19,PUVI,0
OVEN,2/24/2004,72,18.3,PUVI,0
OVEN,2/24/2004,70.5,18,PUVI,5
OVEN,2/24/2004,71,20.3,PUVI,5
RTSO,2/24/2004,92,27.5,PUVI,5
RTSO,2/24/2004,86,26.2,PUVI,5
WCHT,2/24/2004,95,51.3,PUVI,0
HHTA,2/24/2004,63.5,13.4,PUVI,5
HHTA,2/24/2004,64.5,12.4,PUVI,5
BITH,2/24/2004,93,26.9,PUVI,5
BITH,2/24/2004,87,24.8,PUVI,5
BITH,2/24/2004,96.5,26.9,PUVI,1
BCPT,2/25/2004,93,31,PUVI,5
BTBW,2/25/2004,60,8.7,PUVI,5
BTBW,2/25/2004,60,8.1,PUVI,NA
GABU,2/25/2004,65.5,19,PUVI,5
WFQD,2/25/2004,146,NA,PUVI,NA
GTGT,2/25/2004,60.5,15.2,PUVI,5
GTGT,2/25/2004,65,NA,PUVI,5
HISP,2/25/2004,80,23.5,PUVI,5
HISP,2/25/2004,85,25.9,PUVI,5
NBTO,2/25/2004,49,7.3,PUVI,5
OVEN,2/25/2004,72.5,18.5,PUVI,5
OVEN,2/25/2004,74,20,PUVI,5
OVEN,2/25/2004,NA,17.01,PUVI,5
RTSO,2/25/2004,85,26.3,PUVI,5
BITH,3/22/2004,89.5,27.5,PUVI,5
BITH,3/22/2004,90.5,27.7,PUVI,5
BITH,3/23/2004,89,27,PUVI,1
BITH,3/23/2004,92.5,28.7,PUVI,5
BITH,3/24/2004,89.5,26.2,PUVI,5
BITH,3/24/2004,92.5,27.2,PUVI,5
BITH,1/3/2005,88.5,26.8,PUVI,5
BITH,1/5/2005,94,27.7,PUVI,5
BITH,1/5/2005,85,26.5,PUVI,1
BITH,1/5/2005,87.5,26.2,PUVI,1
BITH,1/6/2005,90.5,28,PUVI,5
BITH,1/7/2005,92,29.3,PUVI,1
BITH,1/7/2005,95,27.7,PUVI,5
BITH,1/8/2005,88,27.5,PUVI,1
BITH,1/9/2005,89.5,29.1,PUVI,1
BITH,1/12/2005,96,27.3,PUVI,1
BITH,1/13/2005,87.5,26.5,PUVI,1
BITH,1/21/2005,92.5,25.9,PALO,0
BITH,1/24/2005,94.5,29.5,PALO,5
BITH,2/2/2005,88.5,25.3,PUVI,5
BITH,2/2/2005,87,23.4,PALO,5
BCPT,2/4/2005,89.5,35.5,PALO,5
BCPT,2/5/2005,89.5,34,PALO,0
GABU,2/5/2005,78,27.7,PALO,1
GTGT,2/5/2005,63,14.7,PALO,5
GTGT,2/5/2005,62,15,PALO,5
GTGT,2/5/2005,60,14.4,PALO,1
HIEM,2/5/2005,56,3.9,PALO,0
HIEM,2/5/2005,60,4.5,PALO,0
HIEM,2/5/2005,53,4,PALO,5
HIEM,2/5/2005,NA,NA,PALO,0
HIEM,2/5/2005,58.5,4,PALO,0
NBTO,2/5/2005,47,7,PALO,5
NBTO,2/5/2005,47,6.6,PALO,0
OVEN,2/5/2005,73.5,20.9,PALO,5
RTSO,2/5/2005,87,31.6,PALO,1
RTSO,2/5/2005,89,25.3,PALO,1
RTSO,2/5/2005,86,29.5,PALO,1
SSHA,2/5/2005,151,84.2,PALO,5
BITH,2/5/2005,88,23.2,PALO,0
BCPT,2/6/2005,90,34.5,PALO,1
BCPT,2/6/2005,93,28.9,PALO,5
BTBW,2/6/2005,64,9.4,PALO,NA
GABU,2/6/2005,78,26.3,PALO,NA
GAEL,2/6/2005,68,13,PALO,1
HIPE,2/6/2005,74.5,10.7,PALO,0
WFQD,2/6/2005,155,190,PALO,1
HITR,2/6/2005,144,77.2,PALO,0
HIWO,2/6/2005,129,75.5,PALO,0
HIWO,2/6/2005,132.5,75.8,PALO,5
NBTO,2/6/2005,48,7.1,PALO,2
NBTO,2/6/2005,46,6.9,PALO,1
OVEN,2/6/2005,79,22,PALO,5
OVEN,2/6/2005,77.5,19.5,PALO,5
RTSO,2/6/2005,87,38.2,PALO,1
WCHT,2/6/2005,85,40.4,PALO,1
BCPT,2/7/2005,91.5,28.9,PALO,5
GABU,2/7/2005,73,22.3,PUVI,5
GTGT,2/7/2005,62,13.6,PALO,0
GTGT,2/7/2005,59.5,13.9,PUVI,1
HIEM,2/7/2005,59,3.7,PUVI,0
HIEM,2/7/2005,63,4.3,PALO,0
HIEM,2/7/2005,56,4,PALO,0
HISP,2/7/2005,84,24.7,PALO,5
HISP,2/7/2005,81,26.9,PUVI,0
OVEN,2/7/2005,77,18,PALO,0
OVEN,2/7/2005,73,NA,PALO,5
RTSO,2/7/2005,79,29.1,PUVI,5
WCHT,2/7/2005,93,55.5,PUVI,0
BITH,2/7/2005,93,25.8,PALO,5
BITH,2/7/2005,94.5,26.3,PALO,5
BITH,2/7/2005,93.5,28.7,PUVI,5
BCPT,2/8/2005,85,29,PUVI,1
BCPT,2/8/2005,90,37.4,PUVI,1
BCPT,2/8/2005,85,27,PUVI,5
BCPT,2/8/2005,95,33.6,PUVI,5
BCPT,2/8/2005,86,33.8,PUVI,1
BTBW,2/8/2005,62,8.1,PUVI,5
BTBW,2/8/2005,63,NA,PUVI,5
BTBW,2/8/2005,62,8.8,PUVI,5
GABU,2/8/2005,70,21.4,PUVI,5
GABU,2/8/2005,70,21.5,PUVI,5
GABU,2/8/2005,73,22.7,PUVI,1
GABU,2/8/2005,72,20.5,PUVI,1
GABU,2/8/2005,69,20.7,PUVI,1
GABU,2/8/2005,69.5,20.3,PUVI,1
GTGT,2/8/2005,60,13.9,PUVI,0
GTGT,2/8/2005,60,14.9,PUVI,NA
GTGT,2/8/2005,59.5,13,PUVI,NA
GTGT,2/8/2005,60.5,12.4,PUVI,0
GTGT,2/8/2005,65,16.9,PUVI,1
GTGT,2/8/2005,64,15.6,PUVI,1
GTGT,2/8/2005,68,15,PUVI,5
HIEM,2/8/2005,50.5,NA,PUVI,0
HIPE,2/8/2005,73,12.1,PUVI,5
HIWO,2/8/2005,130,88.4,PUVI,5
HIWO,2/8/2005,129,77.2,PUVI,5
LATH,2/8/2005,124,74.8,PUVI,5
LATH,2/8/2005,126,97.4,PUVI,5
LATH,2/8/2005,123,92.2,PUVI,5
NBTO,2/8/2005,46,6.5,PUVI,5
NBTO,2/8/2005,47,6.6,PUVI,NA
NBTO,2/8/2005,46,6.4,PUVI,NA
NBTO,2/8/2005,46.5,7.4,PUVI,1
NBTO,2/8/2005,47.5,7.3,PUVI,NA
NBTO,2/8/2005,46.5,7,PUVI,1
NBTO,2/8/2005,45.5,6.1,PUVI,5
OVEN,2/8/2005,72,19.8,PUVI,5
OVEN,2/8/2005,76,19.6,PUVI,5
OVEN,2/8/2005,75,18.7,PUVI,0
OVEN,2/8/2005,72.5,17.7,PUVI,5
OVEN,2/8/2005,72.5,NA,PUVI,5
OVEN,2/8/2005,75,19.8,PUVI,5
OVEN,2/8/2005,73,18.5,PUVI,1
OVEN,2/8/2005,73,19.4,PUVI,1
RTSO,2/8/2005,81,NA,PUVI,0
RTSO,2/8/2005,88.5,28.5,PUVI,0
SSHA,2/8/2005,150.5,80.4,PUVI,5
WCHT,2/8/2005,93,55.8,PUVI,5
BAWW,2/9/2005,65.5,9.6,PUVI,5
BCPT,2/9/2005,95,43.9,PUVI,1
BCPT,2/9/2005,93.5,33.4,PUVI,5
BCPT,2/9/2005,94.5,32.2,PUVI,1
BTBW,2/9/2005,60.5,8.8,PUVI,5
BTBW,2/9/2005,64,8.5,PUVI,NA
BTBW,2/9/2005,64,8.2,PUVI,1
GABU,2/9/2005,66.5,21.1,PUVI,1
GTGT,2/9/2005,61,13.7,PUVI,1
GTGT,2/9/2005,64,14.2,PUVI,1
GTGT,2/9/2005,76,13.3,PUVI,1
GTGT,2/9/2005,68,16.2,PUVI,5
GTGT,2/9/2005,69,16.4,PUVI,1
GTGT,2/9/2005,60.5,14.6,PUVI,1
HIEM,2/9/2005,62,4.4,PUVI,5
HIPE,2/9/2005,71,10.8,PUVI,5
HIPK,2/9/2005,165,150,PUVI,NA
HISP,2/9/2005,86.5,27.6,PUVI,1
LATH,2/9/2005,119.5,84.2,PUVI,1
NBTO,2/9/2005,47,6.9,PUVI,1
NBTO,2/9/2005,44.5,6,PUVI,5
NBTO,2/9/2005,47,6.8,PUVI,5
NBTO,2/9/2005,49,6.9,PUVI,5
OVEN,2/9/2005,75.5,19.4,PUVI,5
OVEN,2/9/2005,73,20.2,PUVI,5
OVEN,2/9/2005,73.5,18.3,PUVI,NA
OVEN,2/9/2005,74.5,19.3,PUVI,5
OVEN,2/9/2005,72,19.4,PUVI,5
OVEN,2/9/2005,77.5,20,PUVI,5
RTSO,2/9/2005,89,27.2,PUVI,1
WCHT,2/9/2005,83,40.7,PUVI,2
HHTA,2/9/2005,63,13.8,PUVI,1
HHTA,2/9/2005,65,12.9,PUVI,1
BITH,2/9/2005,90.5,27.4,PUVI,5
BCPT,2/10/2005,96,36.5,PUVI,5
BTBW,2/10/2005,62,7.9,PUVI,1
BTBW,2/10/2005,64.5,8.9,PUVI,0
GABU,2/10/2005,76,28.7,PUVI,1
GTGT,2/10/2005,64.5,14,PUVI,5
HIPE,2/10/2005,62,10.8,PUVI,5
HIWO,2/10/2005,128,88.2,PUVI,5
HIWO,2/10/2005,126,71,PUVI,0
NBTO,2/10/2005,47,7.2,PUVI,5
OVEN,2/10/2005,72,21,PUVI,5
OVEN,2/10/2005,76,18.2,PUVI,0
OVEN,2/10/2005,71,19.5,PUVI,5
OVEN,2/10/2005,71,18.5,PUVI,1
OVEN,2/10/2005,78,19.2,PUVI,5
BITH,2/10/2005,85.5,24.6,PUVI,5
BITH,2/11/2005,NA,26.1,PUVI,0
BITH,3/9/2005,88.5,27.3,PUVI,5
BITH,3/11/2005,NA,27.2,PUVI,1
BITH,3/11/2005,NA,28.3,PUVI,NA
BITH,3/13/2005,84,24.1,PUVI,5
BITH,12/29/2005,81.5,22.9,PUVI,5
BITH,12/30/2005,93.5,26.5,PUVI,5
BITH,12/30/2005,92,26.4,PUVI,0
BITH,12/30/2005,92,28.1,PUVI,5
BITH,1/1/2006,90.5,22.3,PUVI,5
BITH,1/2/2006,,,,
BITH,1/5/2006,95.5,28.5,PUVI,5
BITH,1/6/2006,NA,28.5,PUVI,1
BITH,1/10/2006,89.5,27.2,PALO,0
BITH,1/17/2006,92,23.8,PALO,5
BITH,1/18/2006,91,24.9,PALO,5
BITH,1/23/2006,90,26.3,PUVI,5
BTBW,1/26/2006,62,8.8,PALO,1
GABU,1/26/2006,72.5,23.1,PALO,1
BITH,1/26/2006,85,24.03,PALO,5
BCPT,1/27/2006,90,32.1,PALO,5
BTBW,1/27/2006,67,8.7,PALO,5
BTBW,1/27/2006,64,10.3,PALO,5
BTBW,1/27/2006,64,9.7,PALO,1
BTBW,1/27/2006,63,9.6,PALO,5
GABU,1/27/2006,68,20.9,PALO,5
GTGT,1/27/2006,65,15.8,PALO,1
HIPE,1/27/2006,73,10.6,PALO,5
HIPE,1/27/2006,67,10.9,PALO,5
HISP,1/27/2006,82,24.7,PALO,5
HISP,1/27/2006,23.9,68,PALO,1
NBTO,1/27/2006,44,6.9,PALO,NA
NBTO,1/27/2006,47,6.7,PALO,1
OVEN,1/27/2006,70,19.7,PALO,5
OVEN,1/27/2006,76,19.9,PALO,5
OVEN,1/27/2006,70,17.4,PALO,5
OVEN,1/27/2006,80,18.9,PALO,5
OVEN,1/27/2006,75,19.3,PALO,5
OVEN,1/27/2006,76,17.4,PALO,5
OVEN,1/27/2006,77,18.6,PALO,5
OVEN,1/27/2006,78,20.4,PALO,5
OVEN,1/27/2006,78,20.1,PALO,1
RTSO,1/27/2006,89,26.9,PALO,5
RTSO,1/27/2006,84,27.7,PALO,5
RTSO,1/27/2006,91,42.8,PALO,5
RTSO,1/27/2006,84,25.8,PALO,5
WCHT,1/27/2006,90,54.1,PALO,1
WCHT,1/27/2006,94,52.8,PALO,1
WCHT,1/27/2006,88,NA,PALO,0
HHTA,1/27/2006,59.5,11.8,PALO,5
BCPT,1/28/2006,87,29.2,PUVI,1
BFGR,1/28/2006,53.5,10.8,PALO,1
BTBW,1/28/2006,59,8.2,PUVI,5
GABU,1/28/2006,69,20.7,PALO,5
GABU,1/28/2006,76,25.7,PALO,5
GRCA,1/28/2006,85.5,38.8,PUVI,1
GTGT,1/28/2006,63,14.8,PUVI,1
GTGT,1/28/2006,64,NA,PUVI,1
GTGT,1/28/2006,67,15.8,PUVI,1
GTGT,1/28/2006,58,12.9,PUVI,1
NBTO,1/28/2006,47,6.8,PALO,5
NBTO,1/28/2006,46,6.5,PUVI,1
NBTO,1/28/2006,46,7.2,PUVI,1
OVEN,1/28/2006,78,23.5,PUVI,1
OVEN,1/28/2006,76,18,PALO,5
OVEN,1/28/2006,75.5,21.3,PALO,5
RTSO,1/28/2006,87,26.1,PALO,5
WCHT,1/28/2006,94,57.9,PUVI,5
BITH,1/28/2006,93,26.7,PALO,5
BITH,1/28/2006,90,26.3,PALO,5
BCPT,1/29/2006,84,25.6,PUVI,5
BCPT,1/29/2006,94,33.3,PUVI,5
BFGR,1/29/2006,54.5,11.4,PUVI,2
BTBW,1/29/2006,66,9.3,PUVI,5
BTBW,1/29/2006,60,8.2,PUVI,5
GABU,1/29/2006,75,23.9,PUVI,5
GABU,1/29/2006,78,25.4,PUVI,5
GABU,1/29/2006,76,25.7,PUVI,5
GABU,1/29/2006,71,23.3,PUVI,5
GABU,1/29/2006,78.5,20.7,PUVI,5
GAEL,1/29/2006,69,12.8,PUVI,5
GTGT,1/29/2006,66.5,15.8,PUVI,5
HIEM,1/29/2006,53,4.7,PUVI,5
HISP,1/29/2006,83.5,28.2,PUVI,5
NBTO,1/29/2006,46,6.6,PUVI,1
OVEN,1/29/2006,75.5,20,PUVI,NA
OVEN,1/29/2006,72,18.5,PUVI,1
OVEN,1/29/2006,72,19.3,PUVI,5
OVEN,1/29/2006,73,17.2,PUVI,5
RTSO,1/29/2006,91,28.9,PUVI,5
WCHT,1/29/2006,97,54.6,PUVI,5
BITH,1/29/2006,NA,NA,PUVI,5
BITH,1/29/2006,NA,22.7,PUVI,5
BAWW,1/30/2006,66,11.8,PUVI,5
BCPT,1/30/2006,88,30.9,PUVI,5
BTBW,1/30/2006,61.5,NA,PUVI,5
BTBW,1/30/2006,59,7.6,PUVI,NA
BTBW,1/30/2006,61.5,NA,PUVI,5
GABU,1/30/2006,71.5,20.7,PUVI,5
GABU,1/30/2006,75.5,23.4,PUVI,5
GABU,1/30/2006,75.5,24.1,PUVI,5
GAEL,1/30/2006,72.5,13.3,PUVI,5
GAEL,1/30/2006,73,15.2,PUVI,1
GAEL,1/30/2006,71.5,14.1,PUVI,5
GTGT,1/30/2006,60,14,PUVI,5
GTGT,1/30/2006,59.5,13.2,PUVI,5
GTGT,1/30/2006,65,14.2,PUVI,1
GTGT,1/30/2006,64,14.9,PUVI,2
GTGT,1/30/2006,67.5,NA,PUVI,5
GTGT,1/30/2006,66,15.2,PUVI,5
HISP,1/30/2006,85,23.9,PUVI,5
HISP,1/30/2006,75,24.9,PUVI,5
HISP,1/30/2006,81,23.6,PUVI,5
NBTO,1/30/2006,47.5,6,PUVI,5
NBTO,1/30/2006,46.5,6,PUVI,5
NBTO,1/30/2006,46,7.2,PUVI,5
NBTO,1/30/2006,45.5,7,PUVI,5
OVEN,1/30/2006,76,19.7,PUVI,1
OVEN,1/30/2006,73,20.4,PUVI,5
OVEN,1/30/2006,75.5,17.5,PUVI,5
OVEN,1/30/2006,78,21.5,PUVI,5
RLTH,1/30/2006,119,72.4,PUVI,5
RTSO,1/30/2006,88,26.8,PUVI,5
RTSO,1/30/2006,86,28.8,PUVI,5
SSHA,1/30/2006,178,NA,PUVI,5
SSHA,1/30/2006,145,77.4,PUVI,5
WCHT,1/30/2006,94.5,56.5,PUVI,5
HHTA,1/30/2006,61.5,12.7,PUVI,5
BITH,1/30/2006,96,27.2,PUVI,5
BITH,1/30/2006,96.5,28.1,PUVI,5
BITH,1/30/2006,NA,23.02,PUVI,5
BITH,1/30/2006,85,23.9,PUVI,5
BITH,1/30/2006,86.5,23.9,PUVI,0
BITH,1/30/2006,86.5,25.7,PUVI,5
BAWW,1/31/2006,68.5,9.5,PUVI,5
HIPE,1/31/2006,73,11.1,PUVI,5
HISP,1/31/2006,80,25.1,PUVI,0
HHTA,1/31/2006,66,13.5,PUVI,5
BITH,1/31/2006,87.5,25.9,PUVI,0
BITH,2/9/2006,88,25.5,PUVI,5
BITH,2/10/2006,91,29.8,PUVI,1
MYWA,2/11/2006,69.5,10.4,PUVI,0.5
MYWA,2/11/2006,73.5,11.3,PUVI,0
MYWA,2/11/2006,72,12.2,PUVI,0
MYWA,2/11/2006,66.5,10,PUVI,0
MYWA,2/11/2006,72.5,NA,PUVI,0
MYWA,2/11/2006,69,10.6,PUVI,5
MYWA,2/11/2006,69.5,10.3,PUVI,0
MYWA,2/11/2006,67.5,10.9,PUVI,0
MYWA,2/13/2006,72,10.9,PUVI,0
MYWA,2/13/2006,71,10.5,PUVI,5
BITH,2/14/2006,91.5,29.3,PUVI,5
BITH,2/17/2006,95,27.5,PUVI,1
WCHT,2/25/2006,80,38.4,PALO,1
BITH,2/25/2006,90,24.9,PUVI,5
BITH,2/26/2006,90.5,25.3,PUVI,5
HISP,1/31/2007,82,27,PALO,NA
OVEN,1/31/2007,72,20.1,PALO,1
RTSO,1/31/2007,92,32.8,PALO,1
RTSO,1/31/2007,86,23.4,PALO,1
RTSO,1/31/2007,88.5,27.8,PALO,5
BCPT,2/1/2007,90,32.8,PALO,5
BTBW,2/1/2007,62,8.6,PALO,5
BTBW,2/1/2007,62.5,8.8,PALO,1
BTBW,2/1/2007,61,NA,PALO,5
BTBW,2/1/2007,64,9.8,PALO,5
GABU,2/1/2007,69.5,21.4,PALO,5
GABU,2/1/2007,75,23.5,PALO,1
GAEL,2/1/2007,68,66,PALO,1
GTGT,2/1/2007,63,13.7,PALO,0
GTGT,2/1/2007,63,13.5,PALO,5
HISP,2/1/2007,84,26.2,PALO,5
LATH,2/1/2007,125,98.3,PALO,5
NBTO,2/1/2007,45,6.7,PALO,5
NBTO,2/1/2007,45.5,6.9,PALO,1
NBTO,2/1/2007,47,40,PALO,5
OVEN,2/1/2007,77.5,18.9,PALO,5
OVEN,2/1/2007,78,19.4,PALO,5
OVEN,2/1/2007,75.5,19,PALO,5
OVEN,2/1/2007,79,18.3,PALO,5
RTSO,2/1/2007,86,26.3,PALO,5
SSHA,2/1/2007,167,147.1,PALO,5
WCHT,2/1/2007,78,4.2,PALO,1
BITH,2/1/2007,95,26.6,PALO,5
BITH,2/1/2007,92,25.8,PALO,1
BCPT,2/2/2007,88,32.2,PALO,5
BCPT,2/2/2007,90,34.5,PALO,5
BTBW,2/2/2007,64,8.9,PALO,1
BTBW,2/2/2007,NA,8.5,PALO,NA
BTBW,2/2/2007,NA,NA,PALO,NA
BTBW,2/2/2007,NA,9.6,PALO,1
BTBW,2/2/2007,67.5,9.1,PALO,5
BTBW,2/2/2007,60,7.6,PALO,5
GABU,2/2/2007,70,21.2,PALO,5
GABU,2/2/2007,70.5,19.9,PALO,5
GTGT,2/2/2007,NA,13.3,PALO,5
GTGT,2/2/2007,59,14,PALO,5
GTGT,2/2/2007,60.5,13.2,PALO,5
HIWO,2/2/2007,124.5,67.3,PALO,5
NBTO,2/2/2007,46,6.5,PALO,5
NBTO,2/2/2007,47.5,6.6,PALO,5
NBTO,2/2/2007,47,6.5,PALO,5
NBTO,2/2/2007,44.5,6.1,PALO,5
OVEN,2/2/2007,74.5,20.1,PALO,1
OVEN,2/2/2007,77.5,19.1,PALO,5
OVEN,2/2/2007,NA,21.4,PALO,1
OVEN,2/2/2007,79,21.8,PALO,5
OVEN,2/2/2007,74,19.6,PALO,5
OVEN,2/2/2007,75.5,18.4,PALO,5
RTSO,2/2/2007,85,27.4,PALO,1
RTSO,2/2/2007,87,27.7,PALO,1
RTSO,2/2/2007,93,30.3,PALO,2
BITH,2/2/2007,NA,26.1,PALO,NA
BITH,2/2/2007,90.5,26.5,PALO,1
BITH,2/2/2007,89.5,26.5,PALO,1
BCPT,2/3/2007,79,29.6,PUVI,1
BTBW,2/3/2007,64,8.5,PALO,5
BTBW,2/3/2007,61,9.6,PUVI,5
GABU,2/3/2007,71,22.8,PUVI,5
HIEM,2/3/2007,53.5,3.4,PUVI,5
HIPE,2/3/2007,74.5,11.1,PUVI,5
HIPE,2/3/2007,55,10.7,PUVI,0
OVEN,2/3/2007,76.5,19.8,PALO,1
OVEN,2/3/2007,76.5,19.6,PUVI,5
OVEN,2/3/2007,76.5,19.8,PALO,5
RLTH,2/3/2007,120,71,PUVI,5
RTSO,2/3/2007,85,25.9,PALO,5
RTSO,2/3/2007,89,27.8,PALO,1
RTSO,2/3/2007,86.5,28.2,PALO,1
RTSO,2/3/2007,86,30.9,PUVI,1
WCHT,2/3/2007,92,52.8,PALO,1
WCHT,2/3/2007,95,59.8,PUVI,5
HHTA,2/3/2007,65,12.4,PALO,5
HHTA,2/3/2007,66.5,12.9,PALO,5
BITH,2/3/2007,86.5,25.1,PALO,1
BITH,2/3/2007,88,24,PUVI,1
BITH,2/3/2007,91.5,28.3,PUVI,1
BCPT,2/4/2007,87,29.3,PUVI,5
BCPT,2/4/2007,80,27,PUVI,0
BCPT,2/4/2007,NA,28.9,PUVI,NA
BCPT,2/4/2007,88,28,PUVI,0
BCPT,2/4/2007,84,30.8,PUVI,5
BCPT,2/4/2007,84,28.7,PUVI,1
BTBW,2/4/2007,61.5,8.7,PUVI,5
BTBW,2/4/2007,61.5,9.2,PUVI,5
BTBW,2/4/2007,68,8.3,PUVI,1
COYE,2/4/2007,56.5,10.4,PUVI,5
GABU,2/4/2007,72,22.9,PUVI,5
GABU,2/4/2007,69.5,19.5,PUVI,1
GTGT,2/4/2007,65,14.2,PUVI,5
GTGT,2/4/2007,61,14.3,PUVI,0
GTGT,2/4/2007,63,14.1,PUVI,5
GTGT,2/4/2007,60,13.1,PUVI,5
GTGT,2/4/2007,66,NA,PUVI,5
GTGT,2/4/2007,NA,NA,PUVI,NA
HISP,2/4/2007,86,26.9,PUVI,1
LATH,2/4/2007,122,84.2,PUVI,5
NBTO,2/4/2007,45,6.8,PUVI,5
OVEN,2/4/2007,72.5,18.1,PUVI,0
OVEN,2/4/2007,77,19.6,PUVI,1
OVEN,2/4/2007,76.5,19.5,PUVI,5
OVEN,2/4/2007,74,18.2,PUVI,0
OVEN,2/4/2007,72,21.9,PUVI,1
OVEN,2/4/2007,73,20.1,PUVI,5
OVEN,2/4/2007,71,19.3,PUVI,NA
RTSO,2/4/2007,88.5,27.9,PUVI,1
RTSO,2/4/2007,88,27.3,PUVI,0
RTSO,2/4/2007,83.5,27.5,PUVI,1
RTSO,2/4/2007,85,26.1,PUVI,1
RTSO,2/4/2007,88.5,26.4,PUVI,5
RTSO,2/4/2007,85,27,PUVI,5
WCHT,2/4/2007,98.5,54.3,PUVI,5
HHTA,2/4/2007,60,13.2,PUVI,5
BITH,2/4/2007,NA,23.9,PUVI,5
BITH,2/4/2007,86,24.4,PUVI,5
BITH,2/4/2007,93.5,26.4,PUVI,5
BCPT,2/5/2007,88.5,32.6,PUVI,5
BCPT,2/5/2007,84,29.7,PUVI,5
BCPT,2/5/2007,NA,29.5,PUVI,NA
BTBW,2/5/2007,63,9.9,PUVI,0
BTBW,2/5/2007,61,9.3,PUVI,5
BTBW,2/5/2007,61,8.6,PUVI,5
BTBW,2/5/2007,61,NA,PUVI,5
GABU,2/5/2007,71,20.6,PUVI,5
GTGT,2/5/2007,66,NA,PUVI,0
GTGT,2/5/2007,67,14.3,PUVI,5
GTGT,2/5/2007,NA,NA,PUVI,NA
GTGT,2/5/2007,63,14.1,PUVI,1
GTGT,2/5/2007,66,14,PUVI,1
GTGT,2/5/2007,67,14.9,PUVI,5
GTGT,2/5/2007,62,13.5,PUVI,5
GTGT,2/5/2007,64,13.6,PUVI,NA
GTGT,2/5/2007,61,14.8,PUVI,5
GTGT,2/5/2007,68,13.6,PUVI,5
HIPE,2/5/2007,74.5,11.2,PUVI,5
HISP,2/5/2007,NA,25.1,PUVI,NA
HISP,2/5/2007,85.5,26.6,PUVI,5
HISP,2/5/2007,80,25.6,PUVI,1
NBTO,2/5/2007,44.5,6.3,PUVI,0
NBTO,2/5/2007,16.5,6.1,PUVI,5
NBTO,2/5/2007,47.5,7.4,PUVI,5
NBTO,2/5/2007,47,7.1,PUVI,5
NBTO,2/5/2007,48,68,PUVI,5
NBTO,2/5/2007,NA,6.7,PUVI,NA
NBTO,2/5/2007,48,7.2,PUVI,5
OVEN,2/5/2007,NA,18.5,PUVI,NA
OVEN,2/5/2007,78,20.7,PUVI,5
OVEN,2/5/2007,74,20.1,PUVI,5
RLTH,2/5/2007,115,71.6,PUVI,5
RTSO,2/5/2007,84,25.6,PUVI,5
RTSO,2/5/2007,88,26.9,PUVI,1
WCHT,2/5/2007,93,56.8,PUVI,1
WEWA,2/5/2007,68.5,13.8,PUVI,1
BITH,2/5/2007,88.5,28.1,PUVI,1
BFGR,2/6/2007,52,12.9,PUVI,1
BTBW,2/6/2007,60,8.9,PUVI,5
BTBW,2/6/2007,65,8.4,PUVI,5
BTBW,2/6/2007,59.5,6.7,PUVI,5
GABU,2/6/2007,72,25.5,PUVI,5
GABU,2/6/2007,76,23.5,PUVI,5
GTGT,2/6/2007,63,13.5,PUVI,5
GTGT,2/6/2007,59.5,NA,PUVI,5
GTGT,2/6/2007,58.5,14.7,PUVI,5
HISP,2/6/2007,89,25.5,PUVI,5
HISP,2/6/2007,84.5,25,PUVI,NA
HIWO,2/6/2007,127.5,83.3,PUVI,0
NBTO,2/6/2007,45.5,6.6,PUVI,1
OVEN,2/6/2007,73,18.2,PUVI,5
OVEN,2/6/2007,72,20,PUVI,1
OVEN,2/6/2007,77,19.1,PUVI,1
RLTH,2/6/2007,120,66.3,PUVI,5
RLTH,2/6/2007,128,68.9,PUVI,1
RTSO,2/6/2007,84.5,25.6,PUVI,5
RTSO,2/6/2007,88.5,23.7,PUVI,5
WCHT,2/6/2007,88,47.2,PUVI,5
WCHT,2/6/2007,81,36.9,PUVI,0
BITH,2/6/2007,92,27.2,PUVI,5
BITH,2/6/2007,88.5,28.1,PUVI,5
BITH,2/6/2007,90,28.6,PUVI,2
GTGT,2/7/2007,57.5,12.6,PUVI,5
OVEN,2/7/2007,74.5,16.5,PUVI,0
OVEN,2/7/2007,NA,19.1,PUVI,5
OVEN,2/7/2007,72,18.6,PUVI,5
WEWA,2/7/2007,72.5,NA,PUVI,0
BCPT,3/13/2007,84,28.8,PUVI,NA
BTBW,3/13/2007,61.5,10.1,PUVI,5
GAEL,3/13/2007,69.5,13.9,PUVI,1
GTGT,3/13/2007,66,15.2,PUVI,5
GTGT,3/13/2007,63,13.7,PUVI,1
GTGT,3/13/2007,58,13.5,PUVI,5
HISP,3/13/2007,89,26.9,PUVI,5
HISP,3/13/2007,85,25.1,PUVI,1
HISP,3/13/2007,82,26.6,PUVI,1
HISP,3/13/2007,86,28.4,PUVI,5
NBTO,3/13/2007,49,7.02,PUVI,1
RLTH,3/13/2007,121,66.2,PUVI,0
RTSO,3/13/2007,89.5,25.6,PUVI,5
WEWA,3/13/2007,72.5,13.2,PUVI,5
BITH,3/13/2007,97,29.1,PUVI,1
BANA,3/14/2007,57,7.7,PUVI,1
BANA,3/14/2007,61,9.8,PUVI,1
BCPT,3/14/2007,85.5,30.3,PUVI,5
BCPT,3/14/2007,88.5,29.8,PUVI,1
BCPT,3/14/2007,93.5,33,PUVI,5
BTBW,3/14/2007,63,9.4,PUVI,0
GABU,3/14/2007,75.5,22.5,PUVI,5
GTGT,3/14/2007,61,15,PUVI,1
GTGT,3/14/2007,59,13.1,PUVI,5
HIPE,3/14/2007,75.5,11.5,PUVI,5
HISP,3/14/2007,82,26,PUVI,1
HISP,3/14/2007,84.5,25.7,PUVI,5
HISP,3/14/2007,81,23.5,PUVI,5
HISP,3/14/2007,80.5,NA,PUVI,1
HITR,3/14/2007,142,72.5,PUVI,5
NBTO,3/14/2007,46,6.6,PUVI,5
NBTO,3/14/2007,44,6.8,PUVI,0
NBTO,3/14/2007,37.5,6.9,PUVI,5
NBTO,3/14/2007,47,7.1,PUVI,1
OVEN,3/14/2007,75,18.4,PUVI,0
OVEN,3/14/2007,75,17.7,PUVI,5
OVEN,3/14/2007,76,19.7,PUVI,5
RLTH,3/14/2007,115,63.9,PUVI,5
RLTH,3/14/2007,114,61.8,PUVI,5
RLTH,3/14/2007,17.55,73.3,PUVI,5
RTSO,3/14/2007,86,NA,PUVI,5
RTSO,3/14/2007,89,27,PUVI,5
WCHT,3/14/2007,89,46.6,PUVI,5
WCHT,3/14/2007,95,55.4,PUVI,5
BITH,3/14/2007,89,28.1,PUVI,1
BITH,3/14/2007,89,26.6,PUVI,1
BITH,3/14/2007,86.5,28.2,PUVI,1
BITH,3/14/2007,92.5,26.5,PUVI,5
BAWW,3/15/2007,65,10.5,PUVI,1
BCPT,3/15/2007,89.5,33.1,PUVI,5
GAEL,3/15/2007,73.5,16,PUVI,1
GTGT,3/15/2007,67,14.9,PUVI,5
GTGT,3/15/2007,65.5,15.1,PUVI,5
GTGT,3/15/2007,60,14.1,PUVI,5
HISP,3/15/2007,82.5,25,PUVI,5
HIWO,3/15/2007,131,87.7,PUVI,0
LATH,3/15/2007,127,88.4,PUVI,5
NBTO,3/15/2007,46,7.4,PUVI,1
NBTO,3/15/2007,45,6.4,PUVI,5
NBTO,3/15/2007,46,6.9,PUVI,1
OVEN,3/15/2007,73,18.5,PUVI,5
OVEN,3/15/2007,75,NA,PUVI,5
OVEN,3/15/2007,75,21.6,PUVI,1
RLTH,3/15/2007,120,61.1,PUVI,0
RTSO,3/15/2007,88.5,25.6,PUVI,2
RTSO,3/15/2007,85,23.8,PUVI,5
RTSO,3/15/2007,89,29,PUVI,5
RTSO,3/15/2007,90.5,29.9,PUVI,5
WCHT,3/15/2007,96.5,51.9,PUVI,1
WEWA,3/15/2007,69,13.4,PUVI,1
HHTA,3/15/2007,60,NA,PUVI,5
HHTA,3/15/2007,66.5,12.3,PUVI,5
HHTA,3/15/2007,61,12.4,PUVI,5
HHTA,3/15/2007,60,11,PUVI,5
HHTA,3/15/2007,58,10.6,PUVI,5
HHTA,3/15/2007,61.5,11.4,PUVI,0
BITH,3/15/2007,96.5,31.1,PUVI,2
BITH,3/15/2007,88,27.3,PUVI,2
BITH,3/15/2007,91,25.9,PUVI,5
BITH,3/15/2007,90.5,30.7,PUVI,2
BITH,3/15/2007,88,26.6,PUVI,5
BITH,3/15/2007,85.5,25.4,PUVI,5
BAWW,3/16/2007,65.5,13,PUVI,2
BCPT,3/16/2007,79,27.8,PUVI,5
BCPT,3/16/2007,95,31.2,PUVI,0
GABU,3/16/2007,75,25.1,PUVI,5
GABU,3/16/2007,72,25.2,PUVI,1
GAEL,3/16/2007,70,15.6,PUVI,5
GTGT,3/16/2007,65.5,15.1,PUVI,5
GTGT,3/16/2007,63,14.1,PUVI,5
GTGT,3/16/2007,65,15.4,PUVI,5
GTGT,3/16/2007,67.5,14.6,PUVI,5
HIEM,3/16/2007,58.5,4.8,PUVI,5
NBTO,3/16/2007,44.5,6,PUVI,5
NBTO,3/16/2007,47,6.7,PUVI,5
OVEN,3/16/2007,NA,NA,PUVI,5
RLTH,3/16/2007,125,69.4,PUVI,0
RTSO,3/16/2007,90.5,26.9,PUVI,5
RTSO,3/16/2007,85.5,25.6,PUVI,5
RTSO,3/16/2007,84,24.7,PUVI,5
WCHT,3/16/2007,84,40,PUVI,1
WCHT,3/16/2007,80.5,41.9,PUVI,1
BITH,3/16/2007,91,28.2,PUVI,1
BITH,3/16/2007,93.5,29.4,PUVI,1
GABU,3/17/2007,78,24.9,PUVI,5
GABU,3/17/2007,71,20.9,PUVI,5
GTGT,3/17/2007,65,14,PUVI,0
GTGT,3/17/2007,61,13,PUVI,5
GTGT,3/17/2007,60,11.7,PUVI,0
HISP,3/17/2007,85,25.4,PUVI,5
HISP,3/17/2007,82,26.6,PUVI,0
NBTO,3/17/2007,47,6.3,PUVI,5
NBTO,3/17/2007,47.5,7.2,PUVI,5
OVEN,3/17/2007,76,19.3,PUVI,0
OVEN,3/17/2007,80,21.9,PUVI,5
OVEN,3/17/2007,76,17.8,PUVI,5
WFQD,3/17/2007,152,189,PUVI,0
HHTA,3/17/2007,63,12,PUVI,0
BITH,3/17/2007,86,24.4,PUVI,5
BCPT,2/7/2008,89,32.4,PALO,1
HISP,2/7/2008,81.5,26.4,PALO,1
HISP,2/7/2008,84,26.9,PALO,1
HIWO,2/7/2008,131,88.9,PALO,0
NBTO,2/7/2008,45,6.9,PALO,1
RTSO,2/7/2008,84,27.3,PALO,1
RTSO,2/7/2008,88,29.4,PALO,1
BAWW,2/8/2008,69.5,10,PALO,5
BCPT,2/8/2008,89,30.7,PALO,5
BTBW,2/8/2008,68,9.8,PALO,5
BTBW,2/8/2008,66,9.1,PALO,5
BTBW,2/8/2008,60,8.6,PALO,5
BTBW,2/8/2008,59,9.1,PALO,5
BTBW,2/8/2008,61,8.8,PALO,0
GTGT,2/8/2008,63.5,14.2,PALO,5
GTGT,2/8/2008,60.5,12.8,PALO,5
GTGT,2/8/2008,63.5,13.4,PALO,5
GTGT,2/8/2008,66,13.4,PALO,5
HIEM,2/8/2008,58,4.1,PALO,NA
HIPE,2/8/2008,74,10.2,PALO,5
HIPE,2/8/2008,72,10.3,PALO,5
HIPE,2/8/2008,75,11.2,PALO,5
HIWO,2/8/2008,123,65,PALO,5
LATH,2/8/2008,133,97.5,PALO,1
NBTO,2/8/2008,46,6.3,PALO,5
NBTO,2/8/2008,NA,6.7,PALO,NA
NBTO,2/8/2008,46,6.5,PALO,0
NBTO,2/8/2008,47,6.7,PALO,1
NBTO,2/8/2008,46,5.9,PALO,0
NBTO,2/8/2008,46,6.5,PALO,5
NBTO,2/8/2008,48,6.6,PALO,5
NBTO,2/8/2008,45,6.9,PALO,1
OVEN,2/8/2008,71,20.5,PALO,1
OVEN,2/8/2008,78,20,PALO,5
OVEN,2/8/2008,74,19,PALO,5
OVEN,2/8/2008,NA,20.4,PALO,NA
OVEN,2/8/2008,74,NA,PALO,1
OVEN,2/8/2008,75,21,PALO,0
RLTH,2/8/2008,124,71.7,PALO,5
RTSO,2/8/2008,90,28.7,PALO,5
RTSO,2/8/2008,86,28.7,PALO,2
HHTA,2/8/2008,65,13.6,PALO,1
BITH,2/8/2008,93,24.9,PALO,5
BITH,2/8/2008,91,26.7,PALO,5
BITH,2/8/2008,86,23.1,PALO,5
BITH,2/8/2008,91.5,24.2,PALO,5
BAWW,2/9/2008,NA,9.6,PALO,NA
GABU,2/9/2008,70,66,PALO,5
GTGT,2/9/2008,64,NA,PALO,5
GTGT,2/9/2008,64,14,PALO,5
GTGT,2/9/2008,62,15,PALO,5
GTGT,2/9/2008,63,14,PUVI,1
HIEM,2/9/2008,53,4,PALO,5
HIEM,2/9/2008,56.5,4.6,PALO,5
HIPE,2/9/2008,NA,10.1,PALO,NA
HIPE,2/9/2008,71.5,10.3,PALO,5
NBTO,2/9/2008,46,6.4,PALO,5
NBTO,2/9/2008,45.5,6.8,PALO,0
OVEN,2/9/2008,74,21,PUVI,1
RTSO,2/9/2008,88,28.1,PALO,5
RTSO,2/9/2008,85,24.2,PALO,5
WCHT,2/9/2008,94,54.4,PALO,1
WCHT,2/9/2008,98,48.8,PALO,5
WFQD,2/9/2008,160.5,218,PALO,5
BITH,2/9/2008,92,26.7,PALO,5
BANA,2/10/2008,56.5,8.2,PUVI,5
BAWW,2/10/2008,68.5,10.5,PUVI,5
BCPT,2/10/2008,94,31.4,PUVI,5
BTBW,2/10/2008,61.5,8.4,PUVI,5
BTBW,2/10/2008,62.5,8.2,PUVI,5
GABU,2/10/2008,70.5,21.9,PUVI,5
GABU,2/10/2008,75,23.6,PUVI,5
GTGT,2/10/2008,64.5,14.2,PUVI,5
GTGT,2/10/2008,58,13.6,PUVI,1
GTGT,2/10/2008,65,15.1,PUVI,5
GTGT,2/10/2008,66.5,14.9,PUVI,1
HIPE,2/10/2008,69,NA,PUVI,5
HIPE,2/10/2008,69,10.6,PUVI,5
HIPE,2/10/2008,65,9.9,PUVI,5
KEWA,2/10/2008,63,13.3,PUVI,5
NBTO,2/10/2008,47,6.5,PUVI,5
NBTO,2/10/2008,46,6.2,PUVI,5
NBTO,2/10/2008,46.5,6.9,PUVI,5
NBTO,2/10/2008,46,5.9,PUVI,0
NBTO,2/10/2008,44,6.5,PUVI,5
NBTO,2/10/2008,45.5,6.3,PUVI,5
NBTO,2/10/2008,46.5,6.9,PUVI,5
OVEN,2/10/2008,71.5,19.2,PUVI,5
OVEN,2/10/2008,NA,19.5,PUVI,NA
OVEN,2/10/2008,NA,19.8,PUVI,5
RLTH,2/10/2008,124.5,68.3,PUVI,5
RLTH,2/10/2008,127,66.6,PUVI,5
RTSO,2/10/2008,84,26,PUVI,5
RTSO,2/10/2008,88,27.1,PUVI,0
WCHT,2/10/2008,88,51.2,PUVI,5
WCHT,2/10/2008,92.5,53.2,PUVI,1
WCHT,2/10/2008,79,43.2,PUVI,5
WCHT,2/10/2008,93,54.5,PUVI,5
WCHT,2/10/2008,NA,NA,PUVI,NA
WEWA,2/10/2008,72,12,PUVI,5
HHTA,2/10/2008,59,13.5,PUVI,1
BITH,2/10/2008,85,25.5,PUVI,5
BITH,2/10/2008,88.5,25,PUVI,5
BAWW,2/11/2008,68.5,10.3,PUVI,NA
BAWW,2/11/2008,72,11,PUVI,5
BAWW,2/11/2008,69,10.5,PUVI,1
GABU,2/11/2008,73.5,24.3,PUVI,5
GABU,2/11/2008,74,27.7,PUVI,5
GTGT,2/11/2008,64.5,15.5,PUVI,5
GTGT,2/11/2008,59,14.6,PUVI,1
GTGT,2/11/2008,62.5,13.6,PUVI,5
HIEM,2/11/2008,55.5,3.7,PUVI,0
HISP,2/11/2008,86.5,26.9,PUVI,5
HISP,2/11/2008,79,24.9,PUVI,5
HIWO,2/11/2008,133,100.6,PUVI,5
NBTO,2/11/2008,47,6.9,PUVI,5
NBTO,2/11/2008,46,6.2,PUVI,5
NBTO,2/11/2008,46,6.5,PUVI,1
NBTO,2/11/2008,45,7,PUVI,1
OVEN,2/11/2008,74.5,18,PUVI,5
OVEN,2/11/2008,74,18.9,PUVI,NA
RLTH,2/11/2008,115.5,90.1,PUVI,5
RLTH,2/11/2008,119,69.4,PUVI,5
RTSO,2/11/2008,80.5,28.2,PUVI,1
RTSO,2/11/2008,86,28.5,PUVI,1
WCHT,2/11/2008,79.5,42.6,PUVI,5
HHTA,2/11/2008,60.5,13,PUVI,1
HHTA,2/11/2008,65,12,PUVI,5
BITH,2/11/2008,81.5,25.6,PUVI,1
BITH,2/11/2008,89.5,27.4,PUVI,5
BITH,2/11/2008,94.5,NA,PUVI,5
BCPT,2/12/2008,87.5,31.3,PUVI,5
GABU,2/12/2008,79.5,25.8,PUVI,5
HIPE,2/12/2008,73.5,10.2,PUVI,5
NBTO,2/12/2008,45,6.5,PUVI,5
NBTO,2/12/2008,45.5,6.8,PUVI,0
RLTH,2/12/2008,124.5,67.7,PUVI,0
BITH,2/12/2008,93.5,26.1,PUVI,5
RLTH,3/13/2008,129,64.5,PUVI,5
WCHT,3/13/2008,95,56.8,PUVI,5
BITH,3/13/2008,85.5,23.5,PUVI,1
BITH,3/13/2008,95,27.2,PUVI,5
BAWW,3/14/2008,68,9.8,PUVI,5
BCPT,3/14/2008,89,30.9,PUVI,5
GABU,3/14/2008,75,22.8,PUVI,5
GAEL,3/14/2008,70.5,14.5,PUVI,1
GAEL,3/14/2008,70,13,PUVI,5
GTGT,3/14/2008,60,14.4,PUVI,5
GTGT,3/14/2008,60,14.7,PUVI,1
GTGT,3/14/2008,62.5,14.1,PUVI,5
HISP,3/14/2008,83.5,28.8,PUVI,1
HISP,3/14/2008,82,27.9,PUVI,1
NBTO,3/14/2008,45,6.5,PUVI,5
OVEN,3/14/2008,75,18.4,PUVI,1
RTSO,3/14/2008,88.5,27.6,PUVI,5
WCHT,3/14/2008,92,51.2,PUVI,5
WCHT,3/14/2008,80,43.6,PUVI,1
BITH,3/14/2008,91,26.3,PUVI,5
BITH,3/14/2008,91.5,28.8,PUVI,1
BCPT,3/15/2008,93,34.9,PUVI,5
GABU,3/15/2008,71,25.4,PUVI,0
GAEL,3/15/2008,69,14.4,PUVI,5
GTGT,3/15/2008,61.5,14.3,PUVI,5
GTGT,3/15/2008,61,14.5,PUVI,5
HISP,3/15/2008,82,24.9,PUVI,5
HIWO,3/15/2008,128,90.4,PUVI,0
OVEN,3/15/2008,73.5,19.7,PUVI,5
OVEN,3/15/2008,82,19.1,PUVI,5
RTSO,3/15/2008,84,25.8,PUVI,5
RTSO,3/15/2008,84,27,PUVI,1
BITH,3/15/2008,89.5,25.4,PUVI,5
BITH,3/15/2008,95,27.9,PUVI,1
GTGT,3/16/2008,62.5,13.5,PUVI,5
GTGT,3/16/2008,68.3,16.6,PUVI,5
KEWA,3/16/2008,63,12.9,PUVI,5
OVEN,3/16/2008,72,18.9,PUVI,5
RLTH,3/16/2008,118,90.1,PUVI,5
RLTH,3/16/2008,124,68.2,PUVI,5
WCHT,3/16/2008,94.5,55.2,PUVI,5
BTBW,2/13/2009,66,NA,PALO,NA
BTBW,2/13/2009,61.5,9.1,PALO,5
GABU,2/13/2009,69.5,21.7,PALO,5
GTGT,2/13/2009,60.5,12.7,PALO,5
GTGT,2/13/2009,65.5,15.4,PALO,1
GTGT,2/13/2009,65,15.4,PALO,5
HISP,2/13/2009,76,26.1,PALO,0
NBTO,2/13/2009,47,7.1,PALO,5
NBTO,2/13/2009,48.5,6.7,PALO,5
NBTO,2/13/2009,47,6.6,PALO,5
NBTO,2/13/2009,48,6.6,PALO,5
RTSO,2/13/2009,84.5,28.9,PALO,1
HHTA,2/13/2009,63,12.6,PALO,5
BTBW,2/14/2009,64,9.5,PALO,0
COYE,2/14/2009,NA,NA,PALO,0
GAEL,2/14/2009,68,15,PALO,1
GTGT,2/14/2009,65,13.7,PALO,0
GTGT,2/14/2009,60,12.9,PALO,0
HIEM,2/14/2009,54,3.9,PALO,5
HIEM,2/14/2009,50.5,4.8,PALO,0
HIWO,2/14/2009,128,82.3,PALO,0
NBTO,2/14/2009,48,7.2,PALO,5
NBTO,2/14/2009,46,6.7,PALO,0
NBTO,2/14/2009,45.5,6.5,PALO,5
NBTO,2/14/2009,46,6.6,PALO,5
OVEN,2/14/2009,48,22,PALO,0
RLTH,2/14/2009,12.2,74.2,PALO,5
WCHT,2/14/2009,92.5,55.2,PALO,1
HHTA,2/14/2009,68,13.1,PALO,5
BITH,2/14/2009,92,27.7,PALO,5
BITH,2/14/2009,95,25.8,PALO,NA
BITH,2/14/2009,88,24,PALO,5
BAWW,2/15/2009,72,10.8,PALO,0
BTBW,2/15/2009,60.5,9.2,PALO,0
HISP,2/15/2009,80,NA,PALO,5
HIWO,2/15/2009,125,74.4,PALO,0
OVEN,2/15/2009,72.5,19.6,PALO,0
OVEN,2/15/2009,70.5,20.5,PALO,0
OVEN,2/15/2009,76,19.1,PALO,0
RTSO,2/15/2009,86,28,PALO,0
RTSO,2/15/2009,88,31,PALO,5
WCHT,2/15/2009,94.5,53.5,PALO,1
BITH,2/15/2009,95,28.4,PALO,1
BITH,2/15/2009,86,24.2,PALO,5
BITH,2/15/2009,91.5,24.9,PALO,5
BAWW,2/16/2009,65,9.7,PALO,0
GTGT,2/16/2009,66,14.6,PUVI,1
GTGT,2/16/2009,61.5,74.7,PUVI,5
GTGT,2/16/2009,NA,NA,PUVI,5
HIPE,2/16/2009,68,10.4,PUVI,1
NBTO,2/16/2009,48,NA,PUVI,2
OVEN,2/16/2009,74,18.2,PALO,0
WCHT,2/16/2009,99.5,55.15,PALO,1
WEWA,2/16/2009,70.5,13.4,PUVI,0
HHTA,2/16/2009,62,12.5,PUVI,5
BITH,2/16/2009,94,94,PALO,0
BITH,2/16/2009,85.5,27.2,PUVI,5
BCPT,2/17/2009,93,28.5,PUVI,5
BFGR,2/17/2009,51.5,11.7,PUVI,1
BTBW,2/17/2009,58,8.6,PUVI,5
GABU,2/17/2009,80,26.2,PUVI,5
GABU,2/17/2009,NA,NA,PUVI,NA
GABU,2/17/2009,71,21.2,PUVI,5
GABU,2/17/2009,72,22.8,PUVI,1
GTGT,2/17/2009,62,14.9,PUVI,5
GTGT,2/17/2009,60,14.1,PUVI,5
GTGT,2/17/2009,58.5,12.3,PUVI,5
GTGT,2/17/2009,59,12.4,PUVI,5
GTGT,2/17/2009,65,15.1,PUVI,1
GTGT,2/17/2009,76,14.2,PUVI,5
GTGT,2/17/2009,62,15,PUVI,5
GTGT,2/17/2009,60,14.4,PUVI,5
GTGT,2/17/2009,63.5,14.9,PUVI,5
GTGT,2/17/2009,63,24.8,PUVI,5
GTGT,2/17/2009,63.5,14.3,PUVI,5
HISP,2/17/2009,87.5,24.4,PUVI,5
NBTO,2/17/2009,NA,NA,PUVI,1
NBTO,2/17/2009,47,6.4,PUVI,5
NBTO,2/17/2009,46,7.3,PUVI,5
NBTO,2/17/2009,46,7,PUVI,5
NBTO,2/17/2009,46,NA,PUVI,NA
NBTO,2/17/2009,44,6.3,PUVI,5
OVEN,2/17/2009,75,21.3,PUVI,0
OVEN,2/17/2009,70,18.4,PUVI,0
OVEN,2/17/2009,69,20,PUVI,0
OVEN,2/17/2009,71.5,19.3,PUVI,0
OVEN,2/17/2009,69.5,19.2,PUVI,0
OVEN,2/17/2009,72,18.4,PUVI,0
WEWA,2/17/2009,70,13.1,PUVI,5
HHTA,2/17/2009,63,13.2,PUVI,5
BITH,2/17/2009,80.5,24.1,PUVI,5
BTBW,2/18/2009,62,8.4,PUVI,0
GABU,2/18/2009,70,19.8,PUVI,5
GABU,2/18/2009,74,20.8,PUVI,1
GTGT,2/18/2009,65.5,74.7,PUVI,5
GTGT,2/18/2009,59,13.1,PUVI,0
GTGT,2/18/2009,59.5,14.9,PUVI,1
GTGT,2/18/2009,60,13,PUVI,5
GTGT,2/18/2009,65.5,14.5,PUVI,5
GTGT,2/18/2009,65,15,PUVI,5
GTGT,2/18/2009,65,14,PUVI,0
GTGT,2/18/2009,63,28.2,PUVI,5
HISP,2/18/2009,76,26.8,PUVI,1
LATH,2/18/2009,120,81.5,PUVI,5
NBTO,2/18/2009,46,7,PUVI,0
NBTO,2/18/2009,47,6.8,PUVI,5
NBTO,2/18/2009,NA,62,PUVI,5
NBTO,2/18/2009,47,6.1,PUVI,0
OVEN,2/18/2009,74,19.1,PUVI,0
OVEN,2/18/2009,70,18.2,PUVI,0
RLTH,2/18/2009,122,72.4,PUVI,0
RLTH,2/18/2009,130,62.6,PUVI,0
WCHT,2/18/2009,84,43.5,PUVI,5
WCHT,2/18/2009,83,45.1,PUVI,5
HHTA,2/18/2009,59,12.5,PUVI,1
HHTA,2/18/2009,61,12.6,PUVI,5
BITH,2/18/2009,95.5,29.3,PUVI,5
BCPT,2/19/2009,84.5,29.2,PUVI,5
GAEL,2/19/2009,68,13.9,PUVI,5
GTGT,2/19/2009,61.5,13,PUVI,1
GTGT,2/19/2009,63,14,PUVI,0
GTGT,2/19/2009,64,15.4,PUVI,5
LATH,2/19/2009,125,93.2,PUVI,1
NBTO,2/19/2009,47,6.6,PUVI,5
NBTO,2/19/2009,NA,NA,PUVI,NA
OVEN,2/19/2009,73,19.2,PUVI,0
OVEN,2/19/2009,75,19.4,PUVI,0
OVEN,2/19/2009,74,19.8,PUVI,5
RTSO,2/19/2009,86,26.8,PUVI,1
RTSO,2/19/2009,86.5,24.9,PUVI,5
WCHT,2/19/2009,75.5,42.3,PUVI,5
WCHT,2/19/2009,94.5,54.5,PUVI,5
HHTA,2/19/2009,65,13.2,PUVI,1
HHTA,2/19/2009,57.5,12.2,PUVI,0
HHTA,2/19/2009,64,13.4,PUVI,5
GTGT,2/20/2009,64,14.5,PUVI,5
HISP,2/20/2009,81,25.4,PUVI,5
NBTO,2/20/2009,47,7,PUVI,5
HHTA,2/20/2009,60,12.4,PUVI,5
HHTA,2/20/2009,65,12,PUVI,0
BITH,2/20/2009,86,24.2,PUVI,5
BITH,2/20/2009,91,24.4,PUVI,5
BITH,2/20/2009,87.5,25.2,PUVI,0
BITH,2/6/2010,93,27.2,PUVI,5
BITH,2/6/2010,90.5,29.1,PUVI,5
BITH,2/7/2010,91.5,27.2,PUVI,1
BITH,2/7/2010,91,28.5,PUVI,5
BITH,2/8/2010,88,26.1,PUVI,5
WCHT,2/15/2010,75.5,42.3,PUVI,5
BAWW,3/14/2010,67,10.7,PALO,1
GTGT,3/14/2010,63.5,16,PALO,2
GTGT,3/14/2010,65,15.6,PALO,2
RLTH,3/14/2010,128,72,PALO,5
RTSO,3/14/2010,87,26.3,PALO,1
WCHT,3/14/2010,83,42.5,PUVI,2
WCHT,3/14/2010,94.5,56.3,PUVI,5
BTBW,3/15/2010,63,8.2,PALO,1
GTGT,3/15/2010,63,14.1,PALO,1
GTGT,3/15/2010,60.5,14.5,PALO,2
HIEM,3/15/2010,55,3.8,PALO,NA
HIEM,3/15/2010,56,3.7,PALO,0
HISP,3/15/2010,75,29.4,PALO,1
HISP,3/15/2010,79.5,23.1,PALO,1
HISP,3/15/2010,84,24.8,PALO,1
HITR,3/15/2010,142,77.2,PALO,1
NBTO,3/15/2010,48,5.8,PALO,1
NBTO,3/15/2010,46.5,6.5,PALO,1
NBTO,3/15/2010,45,6.5,PALO,1
OVEN,3/15/2010,76.5,21.5,PALO,2
OVEN,3/15/2010,77.5,19,PALO,1
OVEN,3/15/2010,72,18,PALO,1
OVEN,3/15/2010,75.5,17.8,PALO,1
OVEN,3/15/2010,74.1,20,PALO,1
OVEN,3/15/2010,75,20.3,PALO,1
RLTH,3/15/2010,127,62.3,PALO,5
RLTH,3/15/2010,128,82.9,PALO,5
RTSO,3/15/2010,92,24.8,PALO,1
RTSO,3/15/2010,86,31.7,PALO,1
RTSO,3/15/2010,86,25.5,PALO,1
RTSO,3/15/2010,90,22,PALO,1
WCHT,3/15/2010,92.5,52.7,PALO,5
BITH,3/15/2010,92.5,28,PALO,5
BITH,3/15/2010,85,23.8,PALO,5
BITH,3/15/2010,91,24.3,PALO,0
BTBW,3/16/2010,63,8.7,PALO,0
GABU,3/16/2010,65,22.4,PALO,1
GTGT,3/16/2010,62.5,13.8,PALO,1
GTGT,3/16/2010,62,NA,PALO,0
GTGT,3/16/2010,63.5,14,PALO,1
GTGT,3/16/2010,67,15.7,PALO,1
HISP,3/16/2010,78.5,24.9,PALO,2
NBTO,3/16/2010,47.5,6.7,PALO,1
NBTO,3/16/2010,47.05,7.1,PALO,1
NBTO,3/16/2010,45,6.8,PALO,1
NBTO,3/16/2010,45.5,6.8,PALO,NA
NBTO,3/16/2010,46.5,7.1,PALO,1
NBTO,3/16/2010,47,7.3,PALO,1
OVEN,3/16/2010,73,18,PALO,1
OVEN,3/16/2010,75.5,18.6,PALO,1
OVEN,3/16/2010,75.5,19.07,PALO,1
OVEN,3/16/2010,74,18.8,PALO,1
OVEN,3/16/2010,75,NA,PALO,0
RTSO,3/16/2010,96,29.4,PALO,1
RTSO,3/16/2010,92,27.5,PALO,1
RTSO,3/16/2010,95,28.6,PALO,0
RTSO,3/16/2010,92.5,42.7,PALO,1
RTSO,3/16/2010,90,27,PALO,1
SSHA,3/16/2010,149.5,77.3,PALO,0
WCHT,3/16/2010,NA,54.5,PALO,NA
WCHT,3/16/2010,NA,51.3,PALO,5
WCHT,3/16/2010,79.5,45.8,PALO,5
BITH,3/16/2010,91.5,26.6,PALO,5
BITH,3/16/2010,90.5,27.4,PALO,5
GTGT,3/17/2010,63,13.4,PALO,1
HIEM,3/17/2010,41,3.6,PALO,1
HISP,3/17/2010,79.5,23.8,PALO,1
HISP,3/17/2010,85,24.9,PALO,0
LATH,3/17/2010,130,129.6,PALO,1
NBTO,3/17/2010,44,6.7,PALO,0
OVEN,3/17/2010,76,16.6,PALO,1
HITR,3/18/2010,145,76.7,PUVI,0
HIWO,3/18/2010,131.5,90.5,PUVI,1
NBTO,3/18/2010,45,5.7,PUVI,2
OVEN,3/18/2010,76,20.09,PUVI,1
OVEN,3/18/2010,74,20.6,PUVI,1
WCHT,3/18/2010,84,49.5,PUVI,1
WCHT,3/18/2010,89,48.1,PUVI,2
WCHT,3/18/2010,83.5,52.9,PUVI,5
HHTA,3/18/2010,64,13,PUVI,3
BITH,3/18/2010,86,24.9,PUVI,5
BITH,3/18/2010,92,27.9,PUVI,1
BCPT,3/19/2010,82,31.1,PUVI,2
BTBW,3/19/2010,60,9.3,PUVI,1
GABU,3/19/2010,75,26.7,PUVI,1
GTGT,3/19/2010,62,14.2,PUVI,1
GTGT,3/19/2010,63,13.8,PUVI,1
GTGT,3/19/2010,64,15.1,PUVI,2
GTGT,3/19/2010,59,15.5,PUVI,1
HIEM,3/19/2010,55,9.8,PUVI,0
HISP,3/19/2010,83,24.9,PUVI,1
HISP,3/19/2010,85,24.3,PUVI,1
HISP,3/19/2010,84,23.8,PUVI,1
HITR,3/19/2010,136,76.3,PUVI,0
NBTO,3/19/2010,46,7.5,PUVI,1
NBTO,3/19/2010,48.7,7.4,PUVI,2
NBTO,3/19/2010,45,6.7,PUVI,1
NBTO,3/19/2010,45.5,6.7,PUVI,2
OVEN,3/19/2010,75,18.1,PUVI,2
OVEN,3/19/2010,70,16.9,PUVI,0
OVEN,3/19/2010,75,19.2,PUVI,1
OVEN,3/19/2010,76.5,19.1,PUVI,1
OVEN,3/19/2010,76.5,19.2,PUVI,1
OVEN,3/19/2010,78,19.1,PUVI,1
RLTH,3/19/2010,123,71.9,PUVI,5
RLTH,3/19/2010,133,68.5,PUVI,5
RTSO,3/19/2010,91,30.7,PUVI,1
WCHT,3/19/2010,94,54.1,PUVI,5
WCHT,3/19/2010,98,60.7,PUVI,5
BITH,3/19/2010,90.5,26.1,PUVI,5
BAWW,3/20/2010,68,12.3,PUVI,2
BCPT,3/20/2010,85,29.6,PUVI,1
BTBW,3/20/2010,60,9.3,PUVI,1
GABU,3/20/2010,76,25,PUVI,4
GABU,3/20/2010,74,26,PUVI,2
GTGT,3/20/2010,62,14.9,PUVI,2
GTGT,3/20/2010,64,1.19,PUVI,1
GTGT,3/20/2010,63,14.2,PUVI,0
GTGT,3/20/2010,65,14.2,PUVI,1
GTGT,3/20/2010,60,13.9,PUVI,1
GTGT,3/20/2010,69.5,13.7,PUVI,1
GTGT,3/20/2010,60,13.07,PUVI,2
GTGT,3/20/2010,60,13.8,PUVI,1
GTGT,3/20/2010,65,15,PUVI,1
HIEM,3/20/2010,59,4.5,PUVI,NA
HISP,3/20/2010,77,24.6,PUVI,1
HISP,3/20/2010,84,24.8,PUVI,1
HISP,3/20/2010,82,24.4,PUVI,1
NBTO,3/20/2010,47,7,PUVI,1
NBTO,3/20/2010,45.5,6.5,PUVI,2
NBTO,3/20/2010,45.5,6.5,PUVI,2
OVEN,3/20/2010,74.5,20,PUVI,0
OVEN,3/20/2010,74,17.2,PUVI,0
OVEN,3/20/2010,73,18.9,PUVI,1
OVEN,3/20/2010,78,19.4,PUVI,1
RTSO,3/20/2010,86,27.2,PUVI,2
RTSO,3/20/2010,84,27.3,PUVI,1
WCHT,3/20/2010,80.5,42.8,PUVI,1
WCHT,3/20/2010,96,53.1,PUVI,5
HHTA,3/20/2010,64,13.2,PUVI,3
HHTA,3/20/2010,63,13.2,PUVI,2
BCPT,3/21/2010,98,31.6,PUVI,1
NBTO,3/21/2010,58,7.4,PUVI,1
NBTO,3/21/2010,45,9,PUVI,1
RTSO,3/21/2010,83.5,25.8,PUVI,3
BITH,3/21/2010,94,27.9,PUVI,5
BITH,3/21/2010,94,25.8,PUVI,5
BITH,3/21/2010,95,28,PUVI,5
BTBW,11/8/2010,60,9,PALO,1
BTBW,11/8/2010,65,9.9,PALO,1
GABU,11/8/2010,71,23.2,PALO,2
OVEN,11/8/2010,75.5,NA,PALO,1
OVEN,11/8/2010,77,21,PALO,1
OVEN,11/8/2010,76,20.8,PALO,1
BAWW,11/9/2010,66,9.4,PALO,1
BTBW,11/9/2010,62.5,9.4,PUVI,1
BTBW,11/9/2010,70.6,9.36,PALO,NA
GABU,11/9/2010,75,25.8,PALO,0
GTGT,11/9/2010,64,15.1,PUVI,1
GTGT,11/9/2010,65.5,16,PALO,1
GTGT,11/9/2010,65,14.6,PALO,1
GTGT,11/9/2010,65,19,PALO,1
GTGT,11/9/2010,50.6,13.2,PALO,NA
GTGT,11/9/2010,59,13.5,PALO,1
HIEM,11/9/2010,53,NA,PUVI,1
HIPE,11/9/2010,65.5,10.4,PUVI,1
HISP,11/9/2010,84,26.3,PUVI,1
NBTO,11/9/2010,49,5.4,PUVI,1
NBTO,11/9/2010,NA,NA,PALO,NA
NBTO,11/9/2010,42.5,7.4,PALO,0
NBTO,11/9/2010,48,7.5,PUVI,1
NBTO,11/9/2010,46,6.7,PALO,0
NBTO,11/9/2010,45,7.2,PALO,2
NBTO,11/9/2010,46,7.2,PALO,1
OVEN,11/9/2010,74.5,19.8,PALO,1
OVEN,11/9/2010,77,9.9,PALO,0
OVEN,11/9/2010,70,18.7,PALO,0
OVEN,11/9/2010,78,19.8,PALO,1
OVEN,11/9/2010,75.5,20.2,PUVI,1
OVEN,11/9/2010,72.5,19.4,PUVI,1
OVEN,11/9/2010,71,18.6,PUVI,1
OVEN,11/9/2010,74,19.1,PUVI,1
OVEN,11/9/2010,77.5,16.1,PUVI,1
RTSO,11/9/2010,84.5,NA,PUVI,1
RTSO,11/9/2010,70.6,9.1,PALO,1
RTSO,11/9/2010,85,26.7,PALO,0
RTSO,11/9/2010,89,28.8,PALO,1
RTSO,11/9/2010,87,29.2,PALO,0
RTSO,11/9/2010,85,26.6,PALO,1
RTSO,11/9/2010,88,29.6,PALO,1
WCHT,11/9/2010,91.5,45.1,PALO,0
WCHT,11/9/2010,82,43.3,PALO,0
HHTA,11/9/2010,63,12.9,PALO,1
BITH,11/9/2010,93,25.2,PUVI,5
BITH,11/9/2010,95,26.7,PALO,0
BITH,11/9/2010,92.5,29.4,PUVI,1
BITH,11/9/2010,88,24,PALO,0
BITH,11/9/2010,93.5,28.1,PALO,5
BITH,11/9/2010,89.5,25.2,PALO,5
BITH,11/9/2010,88.5,NA,PALO,0
BITH,11/9/2010,96,26.5,PALO,0
BITH,11/9/2010,93.5,25.6,PUVI,5
BCPT,11/10/2010,87.5,31.2,PUVI,1
BTBW,11/10/2010,63,8.9,PUVI,0
GABU,11/10/2010,73,21.2,PUVI,0
GABU,11/10/2010,63,21.6,PUVI,1
GABU,11/10/2010,75.5,29.2,PUVI,1
GABU,11/10/2010,70,20.7,PUVI,1
GABU,11/10/2010,76,26.8,PUVI,1
GABU,11/10/2010,67,19.7,PALO,1
GTGT,11/10/2010,61.5,14.6,PUVI,1
GTGT,11/10/2010,60.5,14.8,PUVI,1
GTGT,11/10/2010,63.5,14.4,PUVI,1
GTGT,11/10/2010,63,14.6,PUVI,1
GTGT,11/10/2010,66,13.4,PUVI,0
GTGT,11/10/2010,62,14.3,PUVI,2
GTGT,11/10/2010,63,14.3,PUVI,2
HHTA,11/10/2010,61,12.6,PUVI,1
HHTA,11/10/2010,63,12.4,PUVI,NA
HHTA,11/10/2010,68,12.3,PUVI,0
HISP,11/10/2010,84.5,24.3,PUVI,1
NBTO,11/10/2010,43.5,6.3,PUVI,1
NBTO,11/10/2010,46.5,7.2,PUVI,1
NBTO,11/10/2010,45.5,7.7,PUVI,1
OVEN,11/10/2010,73.5,29.4,PALO,1
OVEN,11/10/2010,NA,NA,PALO,NA
OVEN,11/10/2010,77.5,21.4,PALO,1
OVEN,11/10/2010,73.5,18.3,PUVI,1
OVEN,11/10/2010,82,21,PALO,1
OVEN,11/10/2010,71,17.7,PUVI,1
OVEN,11/10/2010,75.5,19.6,PUVI,1
OVEN,11/10/2010,78,18.7,PUVI,1
RLTH,11/10/2010,119.5,71.8,PUVI,1
RLTH,11/10/2010,130,78.6,PUVI,1
RTSO,11/10/2010,86,NA,PUVI,1
RTSO,11/10/2010,90,28.7,PUVI,1
RTSO,11/10/2010,82,23.8,PALO,1
RTSO,11/10/2010,88,27.9,PALO,1
RTSO,11/10/2010,87,28.1,PALO,1
RTSO,11/10/2010,92,30,PALO,1
RTSO,11/10/2010,87,26.2,PALO,0
SWWA,11/10/2010,66,14.9,PUVI,1
WCHT,11/10/2010,92,46.6,PUVI,1
WCHT,11/10/2010,95,54.4,PUVI,1
WCHT,11/10/2010,98,56.7,PUVI,1
BITH,11/10/2010,88,26.9,PUVI,1
BITH,11/10/2010,86.5,24.3,PUVI,5
BITH,11/10/2010,90,25.7,PUVI,5
BTBW,11/11/2010,62,12,PUVI,NA
BTBW,11/11/2010,62,8.8,PUVI,1
COYE,11/11/2010,52,10.3,PUVI,0
GABU,11/11/2010,NA,18.2,PUVI,NA
GABU,11/11/2010,72,21.6,PUVI,1
GABU,11/11/2010,70,18.4,PUVI,0
GTGT,11/11/2010,NA,15.8,PUVI,NA
GTGT,11/11/2010,62,13.9,PUVI,1
HHTA,11/11/2010,58.5,11.7,PUVI,1
HIPE,11/11/2010,68,9.9,PUVI,1
HISP,11/11/2010,84,28.3,PUVI,1
NBTO,11/11/2010,47,7.5,PUVI,1
NBTO,11/11/2010,NA,NA,PUVI,NA
OVEN,11/11/2010,76.5,21.8,PALO,1
OVEN,11/11/2010,73,18.4,PALO,0
OVEN,11/11/2010,80,20.1,PALO,1
OVEN,11/11/2010,75,19.1,PALO,1
OVEN,11/11/2010,72,17.8,PUVI,1
OVEN,11/11/2010,74.5,19.8,PUVI,1
OVEN,11/11/2010,77,20,PUVI,1
OVEN,11/11/2010,73,18.8,PUVI,1
OVEN,11/11/2010,78,19.2,PUVI,1
OVEN,11/11/2010,70.5,19.8,PUVI,1
OVEN,11/11/2010,NA,17.5,PUVI,1
RLTH,11/11/2010,136,66.6,PUVI,1
RTSO,11/11/2010,87,28.1,PUVI,1
SWWA,11/11/2010,NA,14.2,PUVI,1
SWWA,11/11/2010,67.5,14.5,PUVI,2
BITH,11/11/2010,93,24.8,PUVI,5
BITH,11/11/2010,93,27.2,PUVI,0
BITH,11/11/2010,93.5,23.5,PALO,0
BITH,11/11/2010,90,27.8,PUVI,5
BITH,11/11/2010,86.5,23.3,PUVI,5
BITH,11/11/2010,89,26.3,PUVI,5
NBTO,11/12/2010,48,7.3,PUVI,2
OVEN,11/12/2010,73,18.8,PUVI,1
OVEN,11/12/2010,76,19.1,PUVI,1
OVEN,11/12/2010,76.5,20.2,PUVI,1
OVEN,11/12/2010,77,18.5,PUVI,0
RTSO,11/12/2010,28,25.7,PUVI,0
WCHT,11/12/2010,84.95,44.9,PUVI,1
HHTA,11/12/2010,67,12.3,PUVI,1
BITH,11/12/2010,94.5,26.7,PUVI,5
BITH,11/12/2010,91,28,PUVI,5
BITH,11/12/2010,96,26.5,PUVI,5
BITH,11/12/2010,93.5,27.3,PUVI,1
HIPE,NA,74.5,11.1,PUVI,5
